/*
Navicat MySQL Data Transfer

Source Server         : s1
Source Server Version : 50623
Source Host           : s1:3306
Source Database       : of_lcm

Target Server Type    : MYSQL
Target Server Version : 50623
File Encoding         : 65001

Date: 2018-05-16 15:11:33
*/



-- ----------------------------
-- Records of T_OF_DS_CATEGORY
-- ----------------------------
INSERT INTO `T_OF_DS_CATEGORY` VALUES ('00', '内部API', '-1', null, '1', null, '2018-05-16 09:17:36', null, '2018-05-16 01:17:39', '1');
INSERT INTO `T_OF_DS_CATEGORY` VALUES ('01', '报表分类', '-1', 'sdf', '0', null, '2017-09-08 19:40:34', null, '2017-09-08 11:41:06', '1');
INSERT INTO `T_OF_DS_CATEGORY` VALUES ('0107', '测试API', '01', null, '1', null, '2017-09-08 19:40:38', null, '2017-09-08 11:41:10', '1');
INSERT INTO `T_OF_DS_CATEGORY` VALUES ('02', 'API分类', '-1', null, '1', null, '2017-09-08 19:40:41', null, '2017-09-08 11:41:13', '1');
INSERT INTO `T_OF_DS_CATEGORY` VALUES ('0201', '自定义服务编排', '02', null, '1', null, '2018-04-18 19:49:15', null, '2018-05-16 01:18:01', '1');

-- ----------------------------
-- Records of T_OF_DS_DATASOURCE
-- ----------------------------
INSERT INTO `T_OF_DS_DATASOURCE` VALUES ('-999', '0', '默认', null, null, null, '2018-04-28 15:46:34', '0000-00-00 00:00:00', '1');
INSERT INTO `T_OF_DS_DATASOURCE` VALUES ('1', '1', 'mysql测试', '{\"driverClassName\":\"com.mysql.jdbc.Driver\",\"url\":\"jdbc:mysql://10.20.52.21:3306/china_weather_air?characterEncoding=UTF-8\",\"username\":\"root\",\"password\":\"pwd\"}', null, null, '2017-02-27 18:12:00', '2017-01-21 09:56:54', '1');
INSERT INTO `T_OF_DS_DATASOURCE` VALUES ('2', '2', 'oracle测试', '{\"driverClassName\":\"oracle.jdbc.driver.OracleDriver\",\"url\":\"jdbc:oracle:thin:@(DESCRIPTION = (ADDRESS_LIST = (ADDRESS = (PROTOCOL = TCP)(HOST =10.20.52.44)(PORT = 1521))) (CONNECT_DATA = (SERVICE_NAME = orcl)))\",\"username\":\"ais\",\"password\":\"ais123#\"}', null, null, '2017-01-21 18:19:34', '2017-01-21 10:18:43', '1');
INSERT INTO `T_OF_DS_DATASOURCE` VALUES ('3', '5', 'API数据源', '{\"server\":\"10.142.124.5\",\"port\":\"2181\",\"zookeeper.znode.parent\":\"/hbase-yxr\",\"java.security.krb5.conf\":\"/etc/krb5.conf\",\"keytab.file\":\"/home/hxxt_yx/hxxt_yx.keytab\",\"kerberos.principal\":\"hxxt_yx@HADOOP.CHINATELECOM.CN\",\"hbase.master.kerberos.principal\":\"hbase/_HOST@HADOOP.CHINATELECOM.CN\",\"hbase.regionserver.kerberos.principal\":\"hbase/_HOST@HADOOP.CHINATELECOM.CN\"}', 'API数据源', null, '2017-11-09 22:11:52', '2017-11-09 14:11:52', '1');
INSERT INTO `T_OF_DS_DATASOURCE` VALUES ('4', '5', 'HBase-ods-cs', '{\"server\":\"10.20.52.251\",\"port\":\"2181\",\"zookeeper.znode.parent\":\"\",\"java.security.krb5.conf\":\"\",\"keytab.file\":\"\",\"kerberos.principal\":\"\",\"hbase.master.kerberos.principal\":\"\",\"hbase.regionserver.kerberos.principal\":\"\",\"_ext_\":\"{\\\"zookeeper.znode.parent\\\":\\\"/hbase-unsecure\\\"}\"}', '长沙测试环境', null, '2018-01-27 00:52:32', '2018-01-26 16:52:32', '1');
INSERT INTO `T_OF_DS_DATASOURCE` VALUES ('5', '6', 'mysql4pdd', '{\r\n\"port\":3306,\r\n\"host\":\"vps2.tomstools.org\",\r\n\"dbname\":\"test\",\r\n\"username\":\"mysql\",\r\n\"password\":\"mysql123\",\r\n\"type\":\"mysql\",\r\n\"maxPoolSize\":10,\r\n\"maxIdleSize\":2,\r\n\"urlTemplate\":\"${username}:${password}@tcp(${host}:${port})/${dbname}?charset=utf8\"\r\n}', 's1', null, '2018-04-28 15:40:18', '2018-04-28 07:40:18', '1');

-- ----------------------------
-- Records of T_OF_DS_DATASOURCE_TYPE
-- ----------------------------
INSERT INTO `T_OF_DS_DATASOURCE_TYPE` VALUES ('1', 'MySql-jdbc', '[\r\n{\"name\" : \"driverClassName\",\"text\" : \"JDBC连接驱动\",\"type\":\"text\",\"defaultValue\":\"com.mysql.jdbc.Driver\",\"required\":true},\r\n{\"name\" : \"url\",\"text\" : \"JDBC连接URL\",\"type\":\"text\",\"defaultValue\":\"jdbc:mysql://[ip]:3306/[dbName]?characterEncoding=UTF-8\",\"required\":true},\r\n{\"name\" : \"username\",\"text\" : \"JDBC连接用户名\",\"type\":\"text\",\"defaultValue\":\"mysql\",\"required\":true},\r\n{\"name\" : \"password\",\"text\" : \"JDBC连接密码\",\"type\":\"text\",\"defaultValue\":\"mysql123\",\"required\":true},\r\n{\"name\" : \"maxPoolSize\",\"text\" : \"连接池最大连接数\",\"type\":\"number\",\"defaultValue\":\"10\",\"required\":false},\r\n{\"name\" : \"minPoolSize\",\"text\" : \"连接池最小连接数\",\"type\":\"number\",\"defaultValue\":\"1\"},\r\n{\"name\" : \"maxIdleTime\",\"text\" : \"连接池最大空闲时间（单位：秒）\",\"type\":\"number\",\"defaultValue\":\"60\"},\r\n{\"name\" : \"initialPoolSize\",\"text\" : \"连接池初始大小\",\"type\":\"number\",\"defaultValue\":\"1\"}\r\n]', '[{\"name\" : \"sql\",\"text\" : \"SQL\",\"type\":\"text\",\"required\":true}]', null, null, '2018-04-28 17:36:17', '2017-01-21 09:39:28', '1', 'com.ai.ctc.ods.of.ds.core.processor.MySqlProcessor');
INSERT INTO `T_OF_DS_DATASOURCE_TYPE` VALUES ('2', 'Oracle-jdbc', '[\r\n{\"name\" : \"driverClassName\",\"text\" : \"JDBC连接驱动\",\"type\":\"text\",\"defaultValue\":\"oracle.jdbc.driver.OracleDriver\",\"required\":true},\r\n{\"name\" : \"url\",\"text\" : \"JDBC连接URL\",\"type\":\"text\",\"defaultValue\":\"jdbc:oracle:thin:@(DESCRIPTION = (ADDRESS_LIST = (ADDRESS = (PROTOCOL = TCP)(HOST =[ip])(PORT = 1521))) (CONNECT_DATA = (SERVICE_NAME = [serviceName])))\",\"required\":true},\r\n{\"name\" : \"username\",\"text\" : \"JDBC连接用户名\",\"type\":\"text\",\"defaultValue\":\"admin\",\"required\":true},\r\n{\"name\" : \"password\",\"text\" : \"JDBC连接密码\",\"type\":\"text\",\"defaultValue\":\"admin\",\"required\":true},\r\n{\"name\" : \"maxPoolSize\",\"text\" : \"连接池最大连接数\",\"type\":\"number\",\"defaultValue\":\"10\",\"required\":true},\r\n{\"name\" : \"minPoolSize\",\"text\" : \"连接池最小连接数\",\"type\":\"number\",\"defaultValue\":\"1\"},\r\n{\"name\" : \"maxIdleTime\",\"text\" : \"连接池最大空闲时间（单位：秒）\",\"type\":\"number\",\"defaultValue\":\"60\"},\r\n{\"name\" : \"initialPoolSize\",\"text\" : \"连接池初始大小\",\"type\":\"number\",\"defaultValue\":\"1\"}\r\n]', '[{\"name\" : \"sql\",\"text\" : \"SQL\",\"type\":\"text\",\"required\":true}]', null, null, '2018-04-28 17:36:21', '2017-01-21 09:39:28', '1', 'com.ai.ctc.ods.of.ds.core.processor.OracleProcessor');
INSERT INTO `T_OF_DS_DATASOURCE_TYPE` VALUES ('3', 'SparkSQL', '[\r\n{\"name\" : \"driverClassName\",\"text\" : \"JDBC连接驱动\",\"type\":\"text\",\"defaultValue\":\"org.apache.hive.jdbc.HiveDriver\",\"required\":true},\r\n{\"name\" : \"url\",\"text\" : \"JDBC连接URL\",\"type\":\"text\",\"defaultValue\":\"jdbc:hive2://[ip]:[port]\",\"required\":true},\r\n{\"name\" : \"username\",\"text\" : \"JDBC连接用户名\",\"type\":\"text\",\"defaultValue\":\"hive\"},\r\n{\"name\" : \"password\",\"text\" : \"JDBC连接密码\",\"type\":\"text\",\"defaultValue\":\"hive\"},\r\n{\"name\" : \"maxPoolSize\",\"text\" : \"连接池最大连接数\",\"type\":\"number\",\"defaultValue\":\"10\",\"required\":true},\r\n{\"name\" : \"minPoolSize\",\"text\" : \"连接池最小连接数\",\"type\":\"number\",\"defaultValue\":\"1\"},\r\n{\"name\" : \"maxIdleTime\",\"text\" : \"连接池最大空闲时间（单位：秒）\",\"type\":\"number\",\"defaultValue\":\"60\"},\r\n{\"name\" : \"initialPoolSize\",\"text\" : \"连接池初始大小\",\"type\":\"number\",\"defaultValue\":\"1\"}\r\n]', '[{\"name\" : \"sql\",\"text\" : \"SQL\",\"type\":\"text\",\"required\":true}]', null, null, '2017-02-14 19:01:39', '2017-01-21 09:39:28', '1', 'com.ai.ctc.ods.of.ds.core.processor.SparkSqlProcessor');
INSERT INTO `T_OF_DS_DATASOURCE_TYPE` VALUES ('4', 'HBase-jdbc', '[\r\n{\"name\" : \"driverClassName\",\"text\" : \"JDBC连接驱动\",\"type\":\"text\",\"defaultValue\":\"org.apache.phoenix.jdbc.PhoenixDriver\",\"required\":true},\r\n{\"name\" : \"url\",\"text\" : \"JDBC连接URL\",\"type\":\"text\",\"defaultValue\":\"jdbc:phoenix:[ip]:[port]:/hbase\",\"required\":true},\r\n{\"name\" : \"username\",\"text\" : \"JDBC连接用户名\",\"type\":\"text\",\"defaultValue\":\"\"},\r\n{\"name\" : \"password\",\"text\" : \"JDBC连接密码\",\"type\":\"text\",\"defaultValue\":\"\"},\r\n{\"name\" : \"maxPoolSize\",\"text\" : \"连接池最大连接数\",\"type\":\"number\",\"defaultValue\":\"10\"},\r\n{\"name\" : \"minPoolSize\",\"text\" : \"连接池最小连接数\",\"type\":\"number\",\"defaultValue\":\"1\"},\r\n{\"name\" : \"maxIdleTime\",\"text\" : \"连接池最大空闲时间（单位：秒）\",\"type\":\"number\",\"defaultValue\":\"60\"},\r\n{\"name\" : \"initialPoolSize\",\"text\" : \"连接池初始大小\",\"type\":\"number\",\"defaultValue\":\"1\"}\r\n]', '[{\"name\" : \"sql\",\"text\" : \"SQL\",\"type\":\"text\",\"required\":true}]', null, null, '2018-04-28 17:36:26', '2017-01-21 09:39:28', '1', 'com.ai.ctc.ods.of.ds.core.processor.HBaseWithJdbcProcessor');
INSERT INTO `T_OF_DS_DATASOURCE_TYPE` VALUES ('5', 'HBase', '[{\"defaultValue\":\"192.168.1.23,192.168.1.24,192.168.1.25\",\"name\":\"server\",\"required\":true,\"text\":\"HBase服务器地址\",\"type\":\"text\"},{\"defaultValue\":\"2181\",\"name\":\"port\",\"required\":false,\"text\":\"HBase服务器端口\",\"type\":\"text\"},{\"defaultValue\":\"\",\"name\":\"zookeeper.znode.parent\",\"required\":false,\"text\":\"zookeeper.znode.parent\",\"type\":\"text\"},{\"defaultValue\":\"/etc/krb5.keytab\",\"name\":\"java.security.krb5.conf\",\"required\":false,\"text\":\"java.security.krb5.conf(Kerberos)\",\"type\":\"text\"},{\"defaultValue\":\"/etc/service.keytab\",\"name\":\"keytab.file\",\"required\":false,\"text\":\"keytab.file(Kerberos)\",\"type\":\"text\"},{\"defaultValue\":\"hbase/1722.myip.domain@HADOOP.COM\",\"name\":\"kerberos.principal\",\"required\":false,\"text\":\"kerberos.principal(Kerberos)\",\"type\":\"text\"},{\"defaultValue\":\"\",\"name\":\"hbase.master.kerberos.principal\",\"required\":false,\"text\":\"hbase.master.kerberos.principal(Kerberos)\",\"type\":\"text\"},{\"defaultValue\":\"\",\"name\":\"hbase.regionserver.kerberos.principal\",\"required\":false,\"text\":\"hbase.regionserver.kerberos.principal(Kerberos)\",\"type\":\"text\"},{\"defaultValue\":\"\",\"name\":\"_ext_\",\"required\":false,\"text\":\"扩展属性（json对象）\",\"type\":\"text\"}]', '[\r\n{\"name\" : \"tableName\",\"text\" : \"数据表名\",\"type\":\"text\",\"defaultValue\":\"\",\"required\":true},\r\n{\"name\" : \"separator\",\"text\" : \"rowKey组成分隔符\",\"type\":\"text\",\"defaultValue\":\"^$^\",\"required\":true}\r\n]', null, null, '2018-01-29 18:32:55', '2017-01-21 09:39:28', '1', 'com.ai.ctc.ods.of.ds.core.processor.HBaseProcessor');
INSERT INTO `T_OF_DS_DATASOURCE_TYPE` VALUES ('6', 'dbNormal', '[\r\n{\"name\" : \"port\",\"text\" : \"端口\",\"type\":\"number\",\"defaultValue\":\"3306\",\"required\":true},\r\n{\"name\" : \"host\",\"text\" : \"主机\",\"type\":\"text\",\"defaultValue\":\"localhost\",\"required\":true},\r\n{\"name\" : \"dbname\",\"text\" : \"数据库名称\",\"type\":\"text\",\"defaultValue\":\"test\",\"required\":true},\r\n{\"name\" : \"username\",\"text\" : \"用户名\",\"type\":\"text\",\"defaultValue\":\"mysql\",\"required\":true},\r\n{\"name\" : \"password\",\"text\" : \"密码\",\"type\":\"text\",\"defaultValue\":\"mysql123\",\"required\":true},\r\n{\"name\" : \"type\",\"text\" : \"数据库类型\",\"type\":\"text\",\"defaultValue\":\"mysql\",\"required\":true},\r\n{\"name\" : \"maxPoolSize\",\"text\" : \"连接池最大连接数\",\"type\":\"number\",\"defaultValue\":\"10\",\"required\":false},\r\n{\"name\" : \"maxIdleSize\",\"text\" : \"连接池最大空闲数\",\"type\":\"number\",\"defaultValue\":\"2\"},\r\n{\"name\" : \"urlTemplate\",\"text\" : \"url模板\",\"type\":\"text\",\"defaultValue\":\"${username}:${password}@tcp(${host}:${port})/${dbname}\"}\r\n]', '[{\"name\" : \"sql\",\"text\" : \"SQL\",\"type\":\"text\",\"required\":true}]', null, null, '2018-04-28 18:50:44', '2018-05-16 02:22:18', '1', null);

-- ----------------------------
-- Records of T_OF_DS_SERVICE_CONFIG
-- ----------------------------
INSERT INTO `T_OF_DS_SERVICE_CONFIG` VALUES ('getUserByKey', '-999', '02', '获取用户信息', '[{\"name\":\"KEY\",\"code\":\"`key`\",\"text\":\"密钥\",\"defaultValue\":\"\",\"type\":\"text\",\"mode\":\"eq\",\"required\":\"true\",\"width\":\"\",\"special\":\"\"}]', '[{\"name\":\"USER_ID\",\"text\":\"用户编号\"},{\"name\":\"USER_NAME\",\"text\":\"登陆账号\"},{\"name\":\"NICK_NAME\",\"text\":\"昵称\"},{\"name\":\"PHONE_NUMBER\",\"text\":\"手机号码\"},{\"name\":\"CLIENT_IP\",\"text\":\"授权IP\"},{\"name\":\"NEED_CHANGE_PASSWORD\",\"text\":\"是否需要修改密码\"},{\"name\":\"ALIVE_TIME\",\"text\":\"会话存活时长\"}]', '{\"sql\":\"SELECT k.`KEY`,u.USER_ID,u.USER_NAME,u.NICK_NAME,u.USER_PASSWD,u.ALIVE_TIME,u.CLIENT_IP,u.NEED_CHANGE_PASSWORD FROM T_OF_U_KEY k JOIN T_OF_SYS_USERS u ON (k.USER_ID=u.USER_ID) WHERE k.INVALID_TIME > NOW() and IS_VALID=\'1\' ${KEY}\"}', '1', null, null, '', null, '2018-05-10 18:25:52', '2018-05-16 01:13:11', '1', '1');
INSERT INTO `T_OF_DS_SERVICE_CONFIG` VALUES ('getUserConfigByKey', '-999', '02', '根据配置名获取用户配置值', '[{\"name\":\"key\",\"code\":\"`key`\",\"text\":\"用户授权码\",\"defaultValue\":\"\",\"type\":\"text\",\"required\":\"true\",\"mode\":\"eq\"},{\"name\":\"CONFIG_NAME\",\"text\":\"配置名\",\"defaultValue\":\"\",\"type\":\"text\",\"required\":\"true\",\"mode\":\"eq\"}]', '[{\"name\":\"CONFIG_VALUE\",\"text\":\"配置值\"}]', '{\"sql\":\"SELECT c.CONFIG_VALUE,c.CONFIG_NAME,`key` FROM T_U_CONFIG c JOIN T_OF_U_KEY k ON (c.USER_ID=k.USER_ID) where 1=1 ${key} ${CONFIG_NAME}\"}', '1', '0', '1', null, null, '2018-05-10 20:13:17', '2018-05-16 01:12:00', '1', '1');
INSERT INTO `T_OF_DS_SERVICE_CONFIG` VALUES ('getValidRoleApiUris', '-999', '00', '获取有效角色API对应的URI权限', null, '[{\"name\":\"URL\",\"text\":\"API对应的URL\"},{\"name\":\"ROLE_ID\",\"text\":\"角色编号\"}]', '{\"sql\":\"SELECT ROLE_ID,URL FROM T_OF_PRI_ROLE_URL u JOIN T_OF_RES_API a ON (u.URL_CODE=a.RES_CODE) WHERE u.IS_VALID=\'1\' AND a.IS_VALID=\'1\'\"}', '1', '0', '1', null, null, '2018-05-10 23:35:21', '2018-05-16 01:18:23', '1', '1');
INSERT INTO `T_OF_DS_SERVICE_CONFIG` VALUES ('getValidRoles', '-999', '00', '获取所有有效角色', null, '[{\"name\":\"ROLE_ID\",\"text\":\"角色编号\"},{\"name\":\"ROLE_NAME\",\"text\":\"角色名称\"},{\"name\":\"ALIVE_TIME\",\"text\":\"会话存活时长\"}]', '{\"sql\":\"SELECT ROLE_ID,ROLE_NAME,ALIVE_TIME FROM T_OF_SYS_ROLES  WHERE IS_VALID=\'1\'\"}', '1', '0', '1', null, null, '2018-05-10 20:57:06', '2018-05-16 01:18:26', '1', '1');
INSERT INTO `T_OF_DS_SERVICE_CONFIG` VALUES ('getValidUserApiUris', '-999', '00', '获取有效用户API对应的URI权限', null, '[{\"name\":\"URL\",\"text\":\"API对应的URL\"},{\"name\":\"USER_ID\",\"text\":\"用户编号\"}]', '{\"sql\":\"SELECT USER_ID,URL FROM T_OF_PRI_USER_URL u JOIN T_OF_RES_API a ON (u.URL_CODE=a.RES_CODE) WHERE u.IS_VALID=\'1\' AND a.IS_VALID=\'1\'\"}', '1', '0', '1', null, null, '2018-05-10 23:35:09', '2018-05-16 01:18:27', '1', '1');
INSERT INTO `T_OF_DS_SERVICE_CONFIG` VALUES ('getValidUserRelRoles', '-999', '00', '获取有效的用户与角色关系', null, '[{\"name\":\"KEY\",\"text\":\"用户授权码\"},{\"name\":\"ROLE_ID\",\"text\":\"角色编号\"}]', '{\"sql\":\"SELECT k.`KEY`,ur.ROLE_ID FROM T_OF_U_ROLE ur JOIN T_OF_U_KEY k ON (ur.USER_ID=k.USER_ID)  WHERE k.INVALID_TIME > NOW()\"}', '1', '0', '1', null, null, '2018-05-10 21:08:01', '2018-05-16 01:18:29', '1', '1');
INSERT INTO `T_OF_DS_SERVICE_CONFIG` VALUES ('getValidUsers', '-999', '00', '获取所有有效用户', null, '[{\"name\":\"KEY\",\"text\":\"用户授权码\"},{\"name\":\"USER_PASSWD\",\"text\":\"用户密码\"},{\"name\":\"USER_ID\",\"text\":\"用户编号\"},{\"name\":\"USER_NAME\",\"text\":\"登陆账号\"},{\"name\":\"NICK_NAME\",\"text\":\"昵称\"},{\"name\":\"PHONE_NUMBER\",\"text\":\"手机号码\"},{\"name\":\"CLIENT_IP\",\"text\":\"授权IP\"},{\"name\":\"NEED_CHANGE_PASSWORD\",\"text\":\"是否需要修改密码\"},{\"name\":\"ALIVE_TIME\",\"text\":\"会话存活时长\"}]', '{\"sql\":\"SELECT k.`KEY`,u.USER_ID,u.USER_NAME,u.NICK_NAME,u.USER_PASSWD,u.ALIVE_TIME,u.CLIENT_IP,u.NEED_CHANGE_PASSWORD FROM T_OF_U_KEY k JOIN T_OF_SYS_USERS u ON (k.USER_ID=u.USER_ID) WHERE k.INVALID_TIME > NOW() and IS_VALID=\'1\'\"}', '1', '0', '1', null, null, '2018-05-10 20:13:17', '2018-05-16 01:18:30', '1', '1');
INSERT INTO `T_OF_DS_SERVICE_CONFIG` VALUES ('statPDDOrderByDay', '5', '02', '按日统计pdd利润', '[{\"name\":\"mallId\",\"code\":\"m.mallId\",\"text\":\"店铺编号\",\"defaultValue\":\"\",\"type\":\"list\",\"required\":\"true\",\"mode\":\"eq\"},{\"name\":\"confirmTime\",\"code\":\"o.CONFIRM_TIME\",\"text\":\"成交时间\",\"defaultValue\":\"\",\"type\":\"date\",\"required\":\"true\",\"mode\":\"range\"}]', '[{\"name\":\"date\",\"text\":\"日期\"},{\"name\":\"gain\",\"text\":\"利润\"},{\"name\":\"sales\",\"text\":\"销量\"},{\"name\":\"count\",\"text\":\"订单数\"}]', '{\"sql\":\"SELECT date,SUM(TOTAL_PRICE+SHIP_AMOUNT-TB_TOTAL_PRICE) \'gain\',SUM(QUANTITY) \'sales\',COUNT(1) \'count\' FROM (SELECT DATE_FORMAT(o.CONFIRM_TIME,\'%Y-%m-%d\') date,SRC_ORDER_ID,TB_TOTAL_PRICE,SUM(SHIP_AMOUNT) SHIP_AMOUNT,SUM(TOTAL_PRICE) TOTAL_PRICE,SUM(QUANTITY) QUANTITY FROM PDD_ORDER o  LEFT JOIN pdd_me m ON (o.GOODS_ID=m.goods_id) WHERE  IS_OWN=0 AND (o.IS_VALID=1 OR (o.IS_VALID=0 AND o.IS_SHIPED=2)) ${mallId} ${confirmTime} AND o.TB_TOTAL_PRICE <> 0 GROUP BY DATE_FORMAT(o.CONFIRM_TIME,\'%Y-%m-%d\'),SRC_ORDER_ID,TB_TOTAL_PRICE) a GROUP BY date ORDER BY date desc\"}', '1', '0', '1', null, null, '2018-05-16 09:30:12', '2018-05-16 02:33:43', '1', '1');

-- ----------------------------
-- Records of T_OF_DS_SERVICE_DIY
-- ----------------------------
INSERT INTO `T_OF_DS_SERVICE_DIY` VALUES ('checkUserName', '[{\"name\":\"status\",\"text\":\"状态\",\"type\":\"text\",\"width\":\"40\",\"sortable\":\"\",\"hidden\":\"\",\"halign\":\"center\",\"align\":\"center\"}]', 'CLASS', 'com.ai.ctc.ods.of.ds.rest.service.CodeCheckUserName', null, '2017-05-20 11:01:38', '2017-03-17 01:50:45', '1');
INSERT INTO `T_OF_DS_SERVICE_DIY` VALUES ('checkUserName1', '[{\"name\":\"status\",\"text\":\"状态\",\"type\":\"text\",\"width\":\"40\",\"sortable\":\"\",\"hidden\":\"\",\"halign\":\"center\",\"align\":\"center\"}]', 'CODE', 'int status = 0;\r\nif (getUserInfo.size() == 1) {\r\n    // 临时需求：电话号码、姓名完全一致为：1（全匹配），电话号码一致，姓名不一不致：2（不匹配），查询结果为空：0（本号码不存在）\r\n    Object row = getUserInfo.get(0);\r\n    if (row instanceof Map) {\r\n        \r\n        Map data = (Map) row;\r\n        String name = (String) data.get(\"cust_name\");\r\n        if (null != name) {\r\n            if (name.equals(queryParams.get(\"name\"))) {\r\n                // 完全匹配\r\n                status = 1;\r\n            } else {\r\n                // 不匹配\r\n                status = 2;\r\n            }\r\n        }\r\n    }\r\n}\r\nMap<String, Integer> ret = new HashMap<String, Integer>();\r\nret.put(\"status\", status);\r\nreturn ret;', null, '2017-05-20 11:01:35', '2017-03-17 01:50:45', '0');
INSERT INTO `T_OF_DS_SERVICE_DIY` VALUES ('getBasicCustBaseInfo', '[{\"name\":\"gender\",\"text\":\"性别\",\"type\":\"text\",\"width\":\"40\",\"sortable\":\"\",\"hidden\":\"\",\"halign\":\"center\",\"align\":\"center\"},{\"name\":\"age_c\",\"text\":\"年龄层次\",\"type\":\"text\",\"width\":\"40\",\"sortable\":\"\",\"hidden\":\"\",\"halign\":\"center\",\"align\":\"center\"},{\"name\":\"age_d\",\"text\":\"年龄段\",\"type\":\"text\",\"width\":\"40\",\"sortable\":\"\",\"hidden\":\"\",\"halign\":\"center\",\"align\":\"center\"},{\"name\":\"cert\",\"text\":\"籍贯\",\"type\":\"text\",\"width\":\"40\",\"sortable\":\"\",\"hidden\":\"\",\"halign\":\"center\",\"align\":\"center\"}]', 'CLASS', 'com.ai.ctc.ods.of.ds.rest.service.CodeBasicCustBaseInfo', null, '2017-05-27 11:16:55', '2017-05-27 03:16:53', '1');
INSERT INTO `T_OF_DS_SERVICE_DIY` VALUES ('getBasicMktTrmnlInfo', '[{\"name\":\"status\",\"text\":\"状态\",\"type\":\"text\",\"width\":\"40\",\"sortable\":\"\",\"hidden\":\"\",\"halign\":\"center\",\"align\":\"center\"}]', 'CLASS', 'com.ai.ctc.ods.of.ds.rest.service.CodeBasicMktTrmnlInfoMdn', null, '2017-05-26 10:00:25', '2017-05-26 02:00:23', '1');
INSERT INTO `T_OF_DS_SERVICE_DIY` VALUES ('getCommonContactApi', '[{\"name\":\"status\",\"text\":\"状态\",\"type\":\"text\",\"width\":\"40\",\"sortable\":\"\",\"hidden\":\"\",\"halign\":\"center\",\"align\":\"center\"}]', 'CLASS', 'com.ai.ctc.ods.of.ds.rest.service.CodeBasicCommonContactApi', null, '2017-12-18 10:39:50', '2017-12-18 02:39:50', '1');
INSERT INTO `T_OF_DS_SERVICE_DIY` VALUES ('getCustTeleAssetInfo', '[{\"name\":\"PHONE_CNT\",\"text\":\"手机号数量\",\"type\":\"text\",\"width\":\"40\",\"sortable\":\"\",\"hidden\":\"\",\"halign\":\"center\",\"align\":\"center\"},{\"name\":\"BROADBAND_CNT\",\"text\":\"宽带数量\",\"type\":\"text\",\"width\":\"40\",\"sortable\":\"\",\"hidden\":\"\",\"halign\":\"center\",\"align\":\"center\"},{\"name\":\"FIXEDPHONE_CNT\",\"text\":\"固话数量\",\"type\":\"text\",\"width\":\"40\",\"sortable\":\"\",\"hidden\":\"\",\"halign\":\"center\",\"align\":\"center\"}]', 'CLASS', 'com.ai.ctc.ods.of.ds.rest.service.CodeBasicCustTeleAssetInfo', null, '2017-05-26 18:10:42', '2017-05-26 10:10:39', '1');
INSERT INTO `T_OF_DS_SERVICE_DIY` VALUES ('getPrdUserInfo', '[{\"name\":\"status\",\"text\":\"状态\",\"type\":\"text\",\"width\":\"40\",\"sortable\":\"\",\"hidden\":\"\",\"halign\":\"center\",\"align\":\"center\"}]', 'CLASS', 'com.ai.ctc.ods.of.ds.rest.service.CodeBasicPrdUserInfo', null, '2017-05-26 10:19:10', '2017-05-26 02:19:00', '1');
INSERT INTO `T_OF_DS_SERVICE_DIY` VALUES ('getRealnameInfo', '[{\"name\":\"status\",\"text\":\"状态\",\"type\":\"text\",\"width\":\"40\",\"sortable\":\"\",\"hidden\":\"\",\"halign\":\"center\",\"align\":\"center\"}]', 'CLASS', 'com.ai.ctc.ods.of.ds.rest.service.CodeBasicPrdProdInstRealname', null, '2017-05-26 10:00:23', '2017-05-26 02:00:21', '1');
INSERT INTO `T_OF_DS_SERVICE_DIY` VALUES ('getTemplate', '[{\"name\":\"template\",\"text\":\"模板内容\",\"type\":\"text\",\"width\":\"40\",\"sortable\":\"\",\"hidden\":\"\",\"halign\":\"center\",\"align\":\"center\"},{\"name\":\"template_name\",\"text\":\"模板描述\",\"type\":\"text\",\"width\":\"40\",\"sortable\":\"\",\"hidden\":\"\",\"halign\":\"center\",\"align\":\"center\"},,{\"name\":\"name\",\"text\":\"名称\",\"type\":\"text\",\"width\":\"40\",\"sortable\":\"\",\"hidden\":\"\",\"halign\":\"center\",\"align\":\"center\"}]', 'CLASS', 'com.ai.ctc.ods.of.ds.rest.service.CodeGetTemplate', null, '2018-04-18 20:42:39', '0000-00-00 00:00:00', '1');
INSERT INTO `T_OF_DS_SERVICE_DIY` VALUES ('getUserInformationVerificationApi', '[{\"name\":\"status\",\"text\":\"状态\",\"type\":\"text\",\"width\":\"40\",\"sortable\":\"\",\"hidden\":\"\",\"halign\":\"center\",\"align\":\"center\"}]', 'CLASS', 'com.ai.ctc.ods.of.ds.rest.service.CodeBasicUserInformationVerificationApi', '', '2018-04-18 20:16:02', '2017-08-14 08:34:09', '1');

-- ----------------------------
-- Records of T_OF_DS_SERVICE_DIY_DETAIL
-- ----------------------------
INSERT INTO `T_OF_DS_SERVICE_DIY_DETAIL` VALUES ('checkUserName', 'getCustAssertInfo', '', '2018-04-18 21:15:03', '2017-03-17 01:51:25', '0');
INSERT INTO `T_OF_DS_SERVICE_DIY_DETAIL` VALUES ('checkUserName', 'getJavaTemplate', '', '2018-04-18 21:28:04', '2017-03-17 01:51:25', '1');
INSERT INTO `T_OF_DS_SERVICE_DIY_DETAIL` VALUES ('getBasicCustBaseInfo', 'getBasicCustBaseInfoCert', null, '2017-09-08 19:37:15', '2017-03-17 01:51:25', '1');
INSERT INTO `T_OF_DS_SERVICE_DIY_DETAIL` VALUES ('getBasicCustBaseInfo', 'getBasicCustBaseInfoMdn', null, '2017-09-08 19:37:17', '2017-03-17 01:51:25', '1');
INSERT INTO `T_OF_DS_SERVICE_DIY_DETAIL` VALUES ('getBasicMktTrmnlInfo', 'getBasicMktTrmnlInfoMdnImei', null, '2017-05-26 09:52:10', '2017-05-26 01:52:07', '1');
INSERT INTO `T_OF_DS_SERVICE_DIY_DETAIL` VALUES ('getBasicMktTrmnlInfo', 'getBasicMktTrmnlInfoMdnIMsi', null, '2017-05-26 09:52:12', '2017-05-26 01:52:10', '1');
INSERT INTO `T_OF_DS_SERVICE_DIY_DETAIL` VALUES ('getBasicMktTrmnlInfo', 'getBasicMktTrmnlInfoMdnImsiImei', null, '2017-05-26 09:52:14', '2017-05-26 01:52:12', '1');
INSERT INTO `T_OF_DS_SERVICE_DIY_DETAIL` VALUES ('getBasicMktTrmnlInfo', 'getBasicMktTrmnlInfoMdnMdnImsiImei', null, '2017-05-26 09:52:16', '2017-05-26 01:52:14', '1');
INSERT INTO `T_OF_DS_SERVICE_DIY_DETAIL` VALUES ('getC', 'getAlpha', null, '2017-09-08 19:37:19', '2017-03-17 01:51:25', '1');
INSERT INTO `T_OF_DS_SERVICE_DIY_DETAIL` VALUES ('getC', 'getBeta', null, '2017-09-08 19:37:22', '2017-03-17 01:51:25', '1');
INSERT INTO `T_OF_DS_SERVICE_DIY_DETAIL` VALUES ('getCommonContactApi', 'getBasicSatPrefCallSumMonthApi', null, '2017-12-18 10:44:49', '2017-12-18 02:44:49', '1');
INSERT INTO `T_OF_DS_SERVICE_DIY_DETAIL` VALUES ('getCustAssert', 'getCustAssertInfo', null, '2017-05-16 17:31:13', '2017-03-17 01:51:25', '1');
INSERT INTO `T_OF_DS_SERVICE_DIY_DETAIL` VALUES ('getCustAssert', 'getCustAssertInfo1', null, '2017-05-16 17:31:03', '2017-03-17 01:51:25', '1');
INSERT INTO `T_OF_DS_SERVICE_DIY_DETAIL` VALUES ('getCustTeleAssetInfo', 'getBasicCustTeleAssetInfoCert', null, '2017-09-08 19:37:26', '2017-03-17 01:51:25', '1');
INSERT INTO `T_OF_DS_SERVICE_DIY_DETAIL` VALUES ('getCustTeleAssetInfo', 'getBasicCustTeleAssetInfoMdn', null, '2017-09-08 19:37:30', '2017-03-17 01:51:25', '1');
INSERT INTO `T_OF_DS_SERVICE_DIY_DETAIL` VALUES ('getPrdUserInfo', 'getBasicPrdUserInfo', null, '2017-09-08 19:37:32', '2017-03-17 01:51:25', '1');
INSERT INTO `T_OF_DS_SERVICE_DIY_DETAIL` VALUES ('getRealnameInfo', 'getBasicPrdProdInstRealnameInfoCert', null, '2017-05-26 10:08:27', '2017-05-26 02:08:14', '1');
INSERT INTO `T_OF_DS_SERVICE_DIY_DETAIL` VALUES ('getRealnameInfo', 'getBasicPrdProdInstRealnameInfoMdn', null, '2017-05-26 10:08:33', '2017-05-26 02:08:20', '1');
INSERT INTO `T_OF_DS_SERVICE_DIY_DETAIL` VALUES ('getTemplate', 'getJavaTemplate', null, '2018-04-18 20:47:24', '0000-00-00 00:00:00', '1');
INSERT INTO `T_OF_DS_SERVICE_DIY_DETAIL` VALUES ('getTemplate', 'getLangTemplate', null, '2018-04-18 20:44:26', '0000-00-00 00:00:00', '1');
INSERT INTO `T_OF_DS_SERVICE_DIY_DETAIL` VALUES ('getTemplate', 'getPythonTemplate', null, '2018-04-18 20:44:35', '0000-00-00 00:00:00', '1');
INSERT INTO `T_OF_DS_SERVICE_DIY_DETAIL` VALUES ('getUserInformationVerificationApi', 'getBasicUserInformationVerificationApi', null, '2017-08-14 14:23:55', '2017-08-14 06:23:55', '1');

-- ----------------------------
-- Records of T_OF_PRI_ROLE_RES
-- ----------------------------
INSERT INTO `T_OF_PRI_ROLE_RES` VALUES ('1', 'menu', '0101', 'everyone', '0', '2017-09-08 19:36:02', null, '2017-09-08 11:36:30', null, '1');
INSERT INTO `T_OF_PRI_ROLE_RES` VALUES ('2', 'menu', '0102', 'everyone', '0', '2017-09-08 19:36:04', null, '2017-09-08 11:36:30', null, '1');
INSERT INTO `T_OF_PRI_ROLE_RES` VALUES ('3', 'menu', '0103', 'everyone', '0', '2017-09-08 19:36:06', null, '2017-09-08 11:36:30', null, '1');
INSERT INTO `T_OF_PRI_ROLE_RES` VALUES ('4', 'api-user', 'name', 'apicaller', '0', '2017-09-08 19:36:08', null, '2017-09-08 11:36:30', null, '1');
INSERT INTO `T_OF_PRI_ROLE_RES` VALUES ('5', 'api-user', 'date', 'apicaller', '0', '2017-09-08 19:36:10', null, '2017-09-08 11:36:30', null, '1');
INSERT INTO `T_OF_PRI_ROLE_RES` VALUES ('6', 'api-user', 'cnt', 'apicaller', '0', '2017-09-08 19:36:11', null, '2017-09-08 11:36:30', null, '1');
INSERT INTO `T_OF_PRI_ROLE_RES` VALUES ('12', 'menu', '0102', 'menu', '0', '2017-03-01 01:23:35', null, '2017-02-28 17:23:35', null, '1');
INSERT INTO `T_OF_PRI_ROLE_RES` VALUES ('43', 'menu', '0103', 'test1', '0', '2017-03-01 05:53:53', null, '2017-02-28 21:53:53', null, '1');
INSERT INTO `T_OF_PRI_ROLE_RES` VALUES ('56', 'menu', '0105', 'test', '0', '2017-03-01 06:57:08', null, '2017-02-28 22:57:08', null, '1');
INSERT INTO `T_OF_PRI_ROLE_RES` VALUES ('57', 'menu', '0103', 'test', '0', '2017-03-01 06:57:08', null, '2017-02-28 22:57:08', null, '1');
INSERT INTO `T_OF_PRI_ROLE_RES` VALUES ('58', 'api-getUserInfo', 'cust_name', 'apicaller', '0', '2017-03-08 19:31:37', null, '2017-03-08 03:52:24', null, '1');

-- ----------------------------
-- Records of T_OF_PRI_ROLE_URL
-- ----------------------------
INSERT INTO `T_OF_PRI_ROLE_URL` VALUES ('1', 'api-getUserByKey', 'a', 'apicaller', '2018-05-10 21:30:53', null, '2018-05-14 08:33:38', null, '1');
INSERT INTO `T_OF_PRI_ROLE_URL` VALUES ('2', 'reloadDatastore', 'a', 'admin', '2018-05-11 22:27:24', null, '2018-05-14 08:33:39', null, '1');
INSERT INTO `T_OF_PRI_ROLE_URL` VALUES ('3', 'reloadPrivilege', 'a', 'admin', '2018-05-11 22:28:25', null, '2018-05-14 08:33:39', null, '1');
INSERT INTO `T_OF_PRI_ROLE_URL` VALUES ('4', 'api-getUserConfigByKey', 'a', 'apicaller', '2018-05-10 21:30:53', null, '2018-05-14 09:18:49', null, '1');
INSERT INTO `T_OF_PRI_ROLE_URL` VALUES ('5', 'api-statPDDOrderByDay', 'a', 'apicaller', '2018-05-16 09:31:56', null, '2018-05-16 01:31:57', null, '1');

-- ----------------------------
-- Records of T_OF_PRI_USER_RES
-- ----------------------------
INSERT INTO `T_OF_PRI_USER_RES` VALUES ('1', 'menu', '0101', '1', '0', '2017-09-08 19:37:54', null, '2017-02-16 16:52:39', null, '1');

-- ----------------------------
-- Records of T_OF_PRI_USER_URL
-- ----------------------------


-- ----------------------------
-- Records of T_OF_RES_API
-- ----------------------------
INSERT INTO `T_OF_RES_API` VALUES ('api-getUserByKey', '获取用户信息', '/datastore/service/getUserByKey', '2018-05-10 21:29:01', null, '2018-05-14 08:33:39', null, '1');
INSERT INTO `T_OF_RES_API` VALUES ('api-getUserConfigByKey', '根据配置名获取用户配置值', '/datastore/service/getUserConfigByKey', '2018-05-10 21:29:01', null, '2018-05-14 09:19:45', null, '1');
INSERT INTO `T_OF_RES_API` VALUES ('api-statPDDOrderByDay', '按日统计pdd利润', '/datastore/service/statPDDOrderByDay', '2018-05-16 09:31:20', null, '2018-05-16 01:31:22', null, '1');
INSERT INTO `T_OF_RES_API` VALUES ('reloadDatastore', '重新加载数据商店数据', '/datastore/reload', '2018-05-10 23:27:13', null, '2018-05-14 08:33:40', null, '1');
INSERT INTO `T_OF_RES_API` VALUES ('reloadPrivilege', '重新加载权限数据', '/privilege/reload', '2018-05-11 22:27:58', null, '2018-05-14 08:33:40', null, '1');

-- ----------------------------
-- Records of T_OF_RES_TYPE_4_DATA
-- ----------------------------
INSERT INTO `T_OF_RES_TYPE_4_DATA` VALUES ('api-getUserInfo', 'api-getUserInfo', '-1', null, ' ', '2017-09-08 19:38:24', null, '2017-09-08 11:38:55', null, '1');
INSERT INTO `T_OF_RES_TYPE_4_DATA` VALUES ('api-user', 'api-user', '-1', null, '', '2017-09-08 19:38:27', null, '2017-09-08 11:38:58', null, '1');
INSERT INTO `T_OF_RES_TYPE_4_DATA` VALUES ('menu', '菜单数据', '-1', 'SELECT MENU_ID,MENU_NAME FROM T_OF_SYS_MENUS', 'MENU_ID', '2017-09-08 19:38:29', null, '2017-09-08 11:39:02', null, '1');

-- ----------------------------
-- Records of T_OF_SYS_MENUS
-- ----------------------------
INSERT INTO `T_OF_SYS_MENUS` VALUES ('01', null, '服务封装', '-1', null, 'side-icon01', '0', '0', '1', '2018-05-14 08:33:41');
INSERT INTO `T_OF_SYS_MENUS` VALUES ('0101', 'p01', '首页', '01', null, 'sec01-icon', '0', '0', '1', '2018-05-14 08:33:41');
INSERT INTO `T_OF_SYS_MENUS` VALUES ('0102', 'p02', '数据源配置', '01', null, 'sec03-icon', '0', '0', '1', '2018-05-14 08:33:42');
INSERT INTO `T_OF_SYS_MENUS` VALUES ('0103', 'p03', 'API封装', '01', null, 'sec04-icon', '0', '0', '1', '2018-05-14 08:33:42');
INSERT INTO `T_OF_SYS_MENUS` VALUES ('0104', 'p04', '编排API', '01', null, 'sec05-icon', '0', '0', '0', '2018-05-14 08:33:42');
INSERT INTO `T_OF_SYS_MENUS` VALUES ('0105', 'p05', 'API日志分析', '01', null, 'sec06-icon', '0', '0', '0', '2018-05-14 08:33:43');
INSERT INTO `T_OF_SYS_MENUS` VALUES ('0106', 'p06', '在线解密', '01', null, 'sec03-icon', '0', '0', '1', '2018-05-14 08:33:43');
INSERT INTO `T_OF_SYS_MENUS` VALUES ('0107', 'p08', '服务分类', '01', null, 'sec03-icon', '0', '0', '1', '2018-05-14 08:33:43');
INSERT INTO `T_OF_SYS_MENUS` VALUES ('0108', 'p0108', '服务详情', '01', null, 'sec06-icon', '0', '0', '1', '2018-05-14 08:33:43');
INSERT INTO `T_OF_SYS_MENUS` VALUES ('02', null, '系统管理', '-1', null, 'side-icon02', '0', '0', '1', '2018-05-14 08:33:44');
INSERT INTO `T_OF_SYS_MENUS` VALUES ('0201', 'p0201', '用户管理', '02', null, 'sec03-icon', '0', '0', '1', '2018-05-14 08:33:44');
INSERT INTO `T_OF_SYS_MENUS` VALUES ('0202', 'p0202', '角色管理', '02', null, 'sec03-icon', '0', '0', '1', '2018-05-14 08:33:44');
INSERT INTO `T_OF_SYS_MENUS` VALUES ('0203', 'p0203', '页面管理', '02', null, 'sec03-icon', '0', '0', '1', '2018-05-14 08:33:44');
INSERT INTO `T_OF_SYS_MENUS` VALUES ('0204', 'p07', '菜单管理', '02', null, 'sec03-icon', '0', '0', '1', '2017-04-18 07:35:04');

-- ----------------------------
-- Records of T_OF_SYS_PAGES
-- ----------------------------
INSERT INTO `T_OF_SYS_PAGES` VALUES ('p01', '首页', '/index', '', null, '1', '1200', '500', null, '0', '2018-05-14 08:33:45');
INSERT INTO `T_OF_SYS_PAGES` VALUES ('p0108', '服务详情页面', '/ds/serviceDetail/main', null, null, '1', '1200', '500', null, '0', '2018-05-14 08:33:45');
INSERT INTO `T_OF_SYS_PAGES` VALUES ('p02', '数据源配置', '/ds/web/datasource/config', '[{\"name\":\"dui\",\"text\":\"dui\",\"type\":\"\"}]', null, '1', '1200', '500', null, '0', '2018-05-14 08:33:46');
INSERT INTO `T_OF_SYS_PAGES` VALUES ('p0201', '用户管理', '/user/usermanager', '[{\"name\":\"va\",\"text\":\"va\",\"type\":\"va\"},{\"name\":\"hah\",\"text\":\"hahahaha\",\"type\":\"hahahahahahahahaha\"}]', null, '1', '1200', '500', null, '0', '2017-03-07 19:36:44');
INSERT INTO `T_OF_SYS_PAGES` VALUES ('p0202', '角色管理', '/role/rolemanager', '[{\"name\":\"x\",\"text\":\"x\",\"type\":\"x\"}]', null, '1', '1200', '500', null, '0', '2017-03-07 19:36:40');
INSERT INTO `T_OF_SYS_PAGES` VALUES ('p0203', '页面管理', '/page/pageConfig', null, null, '1', '1200', '500', null, '0', '2018-05-14 08:33:46');
INSERT INTO `T_OF_SYS_PAGES` VALUES ('p03', '开发APIr', '/ds/serviceConfig/main', '[{\"name\":\"hh\",\"text\":\"hh\",\"type\":\"hh\"}]', null, '0', '1200', '500', null, '0', '2017-03-07 19:37:28');
INSERT INTO `T_OF_SYS_PAGES` VALUES ('p04', '编排API', '/layoutapi', '[{\"name\":\"a\",\"text\":\"d\",\"type\":\"b\"}]', null, '0', '1200', '500', null, '0', '2018-05-14 08:33:47');
INSERT INTO `T_OF_SYS_PAGES` VALUES ('p05', 'API日志分析', '/apilog', '[{\"name\":\"ttttrrr\",\"text\":\"ttt\",\"type\":\"ttt\"}]', null, '0', '1200', '500', null, '0', '2018-05-14 08:33:47');
INSERT INTO `T_OF_SYS_PAGES` VALUES ('p06', '在线解密', '/ds/web/secret/test', '', '2017-03-08 03:34:06', '1', '1200', '500', null, '0', '2017-03-07 19:35:55');
INSERT INTO `T_OF_SYS_PAGES` VALUES ('p07', '菜单管理', '/menu/menuConfig', '[{\"name\":\"menuName\",\"text\":\"菜单名称\",\"type\":\"text\"}]', '2017-03-10 00:30:04', '0', '1200', '500', null, '0', '2017-03-09 16:30:04');
INSERT INTO `T_OF_SYS_PAGES` VALUES ('p08', '服务分类', '/ds/serviceConfig/toTree', '', '2017-03-11 01:21:36', '0', '1200', '500', null, '0', '2017-03-10 17:21:36');

-- ----------------------------
-- Records of T_OF_SYS_ROLES
-- ----------------------------
INSERT INTO `T_OF_SYS_ROLES` VALUES ('admin', '超级管理员', null, '1');
INSERT INTO `T_OF_SYS_ROLES` VALUES ('apicaller', '服务调用用户', null, '1');
INSERT INTO `T_OF_SYS_ROLES` VALUES ('apimanager', '服务管理员', null, '1');
INSERT INTO `T_OF_SYS_ROLES` VALUES ('everyone', '游客', null, '1');

-- ----------------------------
-- Records of T_OF_SYS_USERS
-- ----------------------------
INSERT INTO `T_OF_SYS_USERS` VALUES ('1', 'lanying', 'b068931cc450442b63f5b3d276ea4297', '兰英', '', '', '', '0', '2017-02-17 21:54:34', '2017-02-17 13:54:34', '1', '100800');
INSERT INTO `T_OF_SYS_USERS` VALUES ('2', 'admin', 'e6e061838856bf47e1de730719fb2609', '超级管理员', 'xxxxx@163.com', '18210022351', '127.0.0.1', '0', '2017-02-10 16:42:03', '2017-02-10 08:42:06', '1', '10800');
INSERT INTO `T_OF_SYS_USERS` VALUES ('3', 'longyan', 'qqqqq', '妍', null, null, null, '0', null, '2018-05-14 08:33:50', '1', '0');
INSERT INTO `T_OF_SYS_USERS` VALUES ('4', 'yituo', '1111', '一坨', null, null, null, '0', null, '2018-05-14 08:33:50', '1', '0');
INSERT INTO `T_OF_SYS_USERS` VALUES ('5', 'gaochao', '111', '超', null, null, null, '0', null, '2018-05-14 08:33:51', '1', '0');

-- ----------------------------
-- Records of T_OF_U_KEY
-- ----------------------------
INSERT INTO `T_OF_U_KEY` VALUES ('5', '0f826fe1-ea43-4534-82ef-e7e43ddd5a0c', '2017-04-16 06:11:20', '2020-01-15 18:38:58');
INSERT INTO `T_OF_U_KEY` VALUES ('3', '979d57cc-71e2-4618-a5a9-c3b4f939333e', '2017-04-16 06:10:43', '2020-01-15 18:38:58');
INSERT INTO `T_OF_U_KEY` VALUES ('4', 'b89ea0c3-9295-41b3-9542-493a24d3fa2e', '2017-04-16 06:11:05', '2020-01-15 18:38:58');
INSERT INTO `T_OF_U_KEY` VALUES ('1', 'ed14cf6d-d41d-48e4-806d-a9431baa9b46', '2017-02-15 07:38:58', '2020-01-15 18:38:58');
INSERT INTO `T_OF_U_KEY` VALUES ('2', 'f46a700f-1c4a-4736-9c8f-ccd600f469f4', '2017-04-16 06:10:13', '2020-01-15 18:38:58');

-- ----------------------------
-- Records of T_OF_U_ROLE
-- ----------------------------
INSERT INTO `T_OF_U_ROLE` VALUES ('2', 'admin');
INSERT INTO `T_OF_U_ROLE` VALUES ('1', 'apicaller');
INSERT INTO `T_OF_U_ROLE` VALUES ('2', 'apicaller');
INSERT INTO `T_OF_U_ROLE` VALUES ('3', 'apicaller');
INSERT INTO `T_OF_U_ROLE` VALUES ('4', 'apicaller');
INSERT INTO `T_OF_U_ROLE` VALUES ('5', 'apicaller');

-- ----------------------------
-- Records of T_U_CONFIG
-- ----------------------------
INSERT INTO `T_U_CONFIG` VALUES ('-1', '111.device.allows', '37918:be49c65c54301091,153251:be49c65c54301091,37918:c0cc33b1a5d80c1e,153251:c0cc33b1a5d80c1e,14500:7952a712140a1a70,14500:a1722bc42007f35f,14500:c6adb48f3580841,172772:7952a712140a1a70,172772:a1722bc42007f35f,172772:c6adb48f3580841,60633:d8ccd0ad1d86dece,60633:f82af54006d8520f,60633:cd8736ec56c6a0d1,152796:b06a8b80ebbce8e,47889:b06a8b80ebbce8e,152796:981a0caf274cf0c9,47889:981a0caf274cf0c9,14500:b6b8c7f0241cef70,37918:e6a0cb50626360fe,153251:e6a0cb50626360fe', '有访问权限的设备列表', '2018-04-13 00:23:06');
INSERT INTO `T_U_CONFIG` VALUES ('-1', 'CHARSET_4_HOT_FLAG_1', 'GB2312', '热点所在页面的字符集（标记为1的热点）', null);
INSERT INTO `T_U_CONFIG` VALUES ('-1', 'device.admin.allows', 'b006143b95b88a6a,193abe89ef3e489e,b1c863badfd3c7eb,84b1422594a578e5,4cc4108081b5171e', '有管理权限的设备列表', '2017-08-26 06:45:12');
INSERT INTO `T_U_CONFIG` VALUES ('-1', 'interval.group', '2', '获取拼团间隔次数', '2017-08-26 10:42:52');
INSERT INTO `T_U_CONFIG` VALUES ('-1', 'interval.sales', '3', '获取新售商品间隔次数', '2017-08-24 08:08:20');
INSERT INTO `T_U_CONFIG` VALUES ('-1', 'pdd.config.goods.online.pageSize', '50', '获取pdd在线商品时每批数量', null);
INSERT INTO `T_U_CONFIG` VALUES ('-1', 'sleep.ms.group', '300', '获取拼团信息时休息间隔时间。单位毫秒', '2017-08-23 09:21:44');
INSERT INTO `T_U_CONFIG` VALUES ('-1', 'THEME', 'metro-gray', '样式', null);
INSERT INTO `T_U_CONFIG` VALUES ('1', 'cookie.1688.gaolanying77', 'isg=BD8_1rc4Was4NV7NQk_RyHIDzxMJjJOucuQ9FNEMne414F5i2fa_FvHRJrAeuGs-; alicnweb=touch_tb_at%3D1524475293177%7Clastlogonid%3Dxtafdms_7%7Cshow_inter_tips%3Dfalse%7ChomeIdttS%3D65537553070666900193232249119817288475%7ChomeIdttSAction%3Dtrue; _tmp_ck_0=\"IlQ2M6x9F5wRYKsG1INCqyi2OwpN6uAOwV5qbeYS8WC%2FnBWwKbugmbkCrod%2B9YSUfILaBVexL%2BYO6Gki1Q9dL82D2PFWXQEtQrwGa330op1gleRTYz%2BSUqNPCAdCBfKYAjybBVtRlSCWBI6Dkdoo4r8dlk4%2ByoJP%2BNQAHj6zL8zmCKwse9I50KhepwmOiwtx68lwQ8trEXIC5CBqoJp6nF%2BGbcQNoCr9gTvZV8QhpaGMzKgH2oMywwIVXp8Y%2BvrKfiJDi3TVdkny3Dqk2CBW7sYOM%2FNgFfRqReoBreyFQ6UI22gJAz40rWrSi6JEnD5YuC1wBMLUM4Svv36GhbXjWlrNf6YmSyF3mERctc237u1YQ9cxNbcbQ6NGa0WlAXfpZFiTkFos%2B3Q%3D\"; last_mid=b2b-210331417038d7; __cn_logon__=true; __last_loginid__=gaolanying77; __cn_logon_id__=gaolanying77; lid=gaolanying77; csg=c9d7887b; _tb_token_=595e77d3053e5; t=a0966b48b854c9afccb7e3283d09c922; hng=CN%7Czh-CN%7CCNY%7C156; cookie2=3491a2fd932bad044892d69c9401069e; _csrf_token=1524475290727; JSESSIONID=61kv770g2h331xozl0pz9g5kk; CNZZDATA1253659577=1065632548-1504147201-https%253A%252F%252Fsec.1688.com%252F%7C1524471133; _umdata=0823A424438F76ABB8DD9683D39F11E37E3282F4AF2BED0F6412F15F4F528C42FD621DC5C2F9A92DCD43AD3E795C914C9D001878F55F9F8AE1385FCE67E9B210; CNZZDATA1261052687=1220109496-1524381911-https%253A%252F%252Fdetail.1688.com%252F%7C1524381911; ubn=p; ali_ab=175.0.19.168.1504150713292.4; ad_prefer=\"2018/04/22 16:11:44\"; alisw=swIs1200%3D1%7C; h_keys=\"%u4e73%u817a%u4fdd%u5065#%u4e73%u817a#%u6dcb%u5df4%u7ed3#%u667a%u80fd%u7761%u7720%u773c%u955c#%u7761%u7720%u773c%u955c#%u6253%u51fb%u57ab#%u97f3%u4e50%u6253%u51fb%u57ab#%u7535%u97f3%u6253%u51fb%u57ab#%u97f3%u5c14%u6253%u51fb%u57ab\"; _cn_slid_=bSVHdns5KT; ali_apache_track=c_mid=b2b-3230172872278c5|c_lid=xtafdms_7|c_ms=1|c_mt=3; CNZZDATA1261011362=144294143-1504149608-%7C1524361543; UM_distinctid=161e08d3f00257-0799aafe944b03-2b6f686a-100200-161e08d3f0194b; CNZZDATA1253488161=1627719463-1508834018-https%253A%252F%252Fwww.baidu.com%252F%7C1508834018; cna=JKktEjUfdiQCAd70vKJ0bagV; ali_beacon_id=175.10.23.136.1508120810759.519723.8; _uab_collina=150415104446755198691488;', null, '2018-04-23 09:21:32');
INSERT INTO `T_U_CONFIG` VALUES ('1', 'cookie.1688.mammon2008', 'isg=BHNzJv5FLchJFOKqDIfFioBnAnddAAcAyuXWhCUQzxLJJJPGrXiXutGW2lTKn19i; _tmp_ck_0=\"HCGgddy%2F7BBhg1YChRubVjfgD5w%2Fz5hMuSl4HRHouFUdLd8Hmtds7XituiyX420OrF2kyD7cH6XJt1DDHCxcleu%2F6fgoCE4zF1Sb2yFwd0kWao%2BflgBr%2FoonENI92viW5%2BsH6ZCC9cuVwxtlkpUokP876bA%2B%2FIO4DLnOUaail5X0eOHnPz4WhvqVeM1cNMMlYsVpUKdg%2F2%2BlDcsHY25Hk0BmzNJX89IN5IZtF7KG8At3i5GTl4FePvd06WViIseeCniwYiR1YDYUBehB746YXok6YK9u76Wa1NFG4THqNjMdYFD5LhDFy9eOWqQrioRNyn5Md8SSMkQSi9WAI2Hoss5o%2BZ4WilWTJ70J%2B4DBLidORQi091KAPlMEuJqcEIVdLy6oR1QVCD7eSdL1B%2B4oOUC8h3rXu3T6tGrml1YFLxnoC2i44ieI2LzkQ4TaJZr8GRMX%2F1%2BC9Bata9lcGsjrhff6fZ6irZhv%2BiDfvSyopxPDyQttcaaRlFGIE280Ozs58aCKCwzJH76vA%2FNsyLYhrZ%2FUZ9g37lLJA2zOCPMITHA%3D\"; alicnweb=touch_tb_at%3D1523775604574%7Clastlogonid%3Dmammon2008%7Cshow_inter_tips%3Dfalse%7ChomeIdttS%3D99612278028179128502953187476991208594%7ChomeIdttSAction%3Dtrue; JSESSIONID=7UwYDFb-rgXZ3FLngU33n7bKeA-ITtIFpQ-rYSU; __rn_alert__=false; _show_user_unbind_div_=b2b-83319129448a5_false; _show_sys_unbind_div_=b2b-83319129448a5_false; _show_force_unbind_div_=b2b-83319129448a5_false; _cn_slid_=MPGNq3%2BB2w; __last_loginid__=mammon2008; last_mid=b2b-83319129448a5; userIDNum=65Kegebjhgw6sOlEpJKl9g%3D%3D; _nk_=qu8zG5erzff1N1nsBqCuFg%3D%3D; userID=m37B5%2BrY0IOfAiJcSZPNn5k6Aqdnq4U2EFUmzQUYmFg6sOlEpJKl9g%3D%3D; login=kFeyVBJLQQI%3D; cn_tmp=\"Z28mC+GqtZ2FxzvrM8Ip42tXp/OF1NRLMoHgIsG/9aqZZd3kGe8ir48RRyC4JXUTaftb1o+KkDRN6CaIeKGhvlJStqNz4MMHuuwavFkBValHUVrbc+aItz12PnVH86JvPDbcO7RqgU0g52oHBmF77VZ1ApAHP3VN5JZH1JPrx1m9AL32D6VeguP3peSC3LeOj21R3/Oowo/n8B9roa7CI6OSgx9QP1JX4IVjiBny43/0LNktS5bmVQ==\"; unb=83319129; ali_apache_track=c_mid=b2b-83319129448a5|c_lid=mammon2008|c_ms=1|c_mt=3; __cn_logon_id__=mammon2008; lid=mammon2008; csg=fc79f7d9; sg=898; cookie17=W8rr67l3IOk%3D; cookie1=U%2BbOG8zx%2FDnNxPsEg%2B6vTV21ouq%2Fhuwr2OeTHmjM8Q8%3D; CNZZDATA1261011362=1452858330-1510026673-https%253A%252F%252Fwww.1688.com%252F%7C1511862960; ctk=865512e25b113283650fac40f3108c43; _umdata=2BA477700510A7DF7DF95120702E56B9FC6A48CF84F12C8C5E10F54DE08E48C814AE374BB6B06CA6CD43AD3E795C914C2602D0F0BC479BC113B994E87E5A6B8D; CNZZDATA1253659577=2041650764-1508116884-https%253A%252F%252Fs.1688.com%252F%7C1523752276; _csrf_token=1523755048179; tbsnid=dBB4ekNE2XXOEdBd2RrTb7Khpq5dzkBxuFZ2LDVzsyM6sOlEpJKl9g%3D%3D; LoginUmid=Ceng%2FmQhlCTUeEEqOvpj48%2BThRa5CH3Z4jCBe6W1AoJHKPcCw7TGng%3D%3D; ali_apache_tracktmp=c_w_signed=Y; _tb_token_=35f378643b1ed; t=b608318016a8ec4b41b5db825cde2f69; cookie2=3d8f51749293622818559554daa74281; __cn_logon__=true; ad_prefer=\"2018/03/26 14:40:08\"; h_keys=\"%u7535%u7f06%u7ebf#%u9ad8%u5c14%u592b%u6325%u6746%u7ec3%u4e60%u5668#cd%u5448%u5e1d#%u65b0%u6b3e%u4eff%u9676%u74f7%u82b1%u76c6%u5851%u6599%u82b1%u76c6%u7b80%u7ea6%u7279%u5927%u53f7%u5927%u578b%u7eff%u690d%u5851%u6599%u82b1%u76c6%u5706%u5f62%u4e2d%u56fd%u98ce#%u6d17%u9f3b%u5668#%u70df%u7070%u7f38#%u889c%u5b50#%u4fee%u8e44%u5200%u7247#%u9888%u690e%u7275%u5f15%u6cbb%u7597%u5668#%u8170%u95f4%u76d8%u7a81%u51fa%u6cbb%u7597%u5668\"; hng=CN%7Czh-CN%7CCNY%7C156; _uab_collina=150812285198147024888838; CNZZDATA1253488161=1071504180-1511666823-https%253A%252F%252Fwww.baidu.com%252F%7C1518442233; ali_ab=175.10.23.136.1508121027572.5; ubn=p; CNZZDATA1261052687=466687179-1510986308-https%253A%252F%252Fdetail.1688.com%252F%7C1517318616; _bl_uid=kUj8qcR39Lbt4jnkhmvzmXayt4q3; CNZZDATA1253645563=1469852327-1510063641-%7C1514678720; ocms_abtest_value=14; CNZZDATA1253076144=63497104-1510825149-https%253A%252F%252Fwww.baidu.com%252F%7C1513586024; CNZZDATA1260598383=339221337-1513568423-https%253A%252F%252Fwww.baidu.com%252F%7C1513568423; CNZZDATA1252980167=806834938-1508119797-%7C1511247999; CNZZDATA1000007521=1112481919-1510983868-https%253A%252F%252Fwww.baidu.com%252F%7C1510983868; cna=28lUEjoR5BACAa8LksD++3WT; CNZZDATA1257121278=741445601-1508118607-https%253A%252F%252Flcfmsm.1688.com%252F%7C1508118607; ali_beacon_id=175.10.23.136.1508122640997.304507.5; UM_distinctid=15f2304abd6271-0d07909e100b3f-5848211c-100200-15f2304abda8c7;', null, '2018-04-15 07:00:05');
INSERT INTO `T_U_CONFIG` VALUES ('1', 'cookie.1688.undefined', 'isg=BLOzdrOG7eYnCKIp1vPlVK6HULcdQEfP3uAhcGVQGFIJZNIG7bo5-lXVG5SKNZ-i; _tmp_ck_0=UskWF3HRLh2I9vpDRuYdIjjUsmyvMsh%2BpBhEslljFViz%2BjeJrjoUJkiAImp4rvj7rBh%2Fg3edN2TemUwA3Jy%2BaJxa4SZ5BXdiBmcker0w4%2BKJH9piwxwLZMlM7oNjUD8ltcdpZ86Pv4t4cIoPxzxS6D5xPg%2Fw2DRwvZV0CPfHvutR1YkGntWPBdWJ%2FUDFGwPYoSOVJs0OH%2FmSmw6t6Ne7j%2FA1InD8gZicEjXhrqTuTYo8100K%2B6HVYiNRrIdSOWtLsZNbDIYeOeljRudJ5VUwwQPj3H2bsLEknFzmx7qcitKU9NA9nDdM%2BzmluJ%2FzbbTHsfVcSQ5EJBdBMlz%2Bv39WoprL0V2fjy2wjAmYqmirNjo%2Fc9NAhot6sd4E1US4z6r3g1lG3Mhjwvg%3D; __cn_logon__=false; _tb_token_=fae41bfa7330b; t=a0966b48b854c9afccb7e3283d09c922; hng=CN%7Czh-CN%7CCNY%7C156; cookie2=3d5eb378b59131fbc02077d7008f6f05; _csrf_token=1522325153412; JSESSIONID=t5jweumpp6g1jc0uf0zsinfd; CNZZDATA1253659577=1065632548-1504147201-https%253A%252F%252Fsec.1688.com%252F%7C1522324737; alicnweb=touch_tb_at%3D1520692636586%7Clastlogonid%3Dxtafdms_7%7Cshow_inter_tips%3Dfalse; _umdata=0823A424438F76ABB8DD9683D39F11E37E3282F4AF2BED0F6412F15F4F528C42FD621DC5C2F9A92DCD43AD3E795C914C9D001878F55F9F8AE1385FCE67E9B210; _cn_slid_=bSVHdns5KT; __last_loginid__=xtafdms_7; last_mid=b2b-3230172872278c5; ubn=p; ali_apache_track=c_mid=b2b-3230172872278c5|c_lid=xtafdms_7|c_ms=1|c_mt=3; UM_distinctid=161e08d3f00257-0799aafe944b03-2b6f686a-100200-161e08d3f0194b; ad_prefer=\"2017/10/26 21:52:54\"; ali_ab=175.0.19.168.1504150713292.4; h_keys=\"%u5174%u594b%u5242#%u7537%u7528%u5174%u594b%u5242#%u62c7%u6307%u7434#%u5a74%u513f%u722c%u884c%u56f4%u680f#%u5a74%u513f%u722c%u884c%u56f4%u6321#%u722c%u884c%u56f4%u6321#%u56f4%u6321#%u9ec4%u660e%u80f6#%u65b0%u9c9c%u725b%u76ae\"; CNZZDATA1261011362=144294143-1504149608-%7C1509023691; CNZZDATA1253488161=1627719463-1508834018-https%253A%252F%252Fwww.baidu.com%252F%7C1508834018; cna=JKktEjUfdiQCAd70vKJ0bagV; CNZZDATA1261052687=294976296-1508115785-https%253A%252F%252Fdetail.1688.com%252F%7C1508115785; CNZZDATA1256775614=1002469132-1508120202-null%7C1508120202; ali_beacon_id=175.10.23.136.1508120810759.519723.8; CNZZDATA1253645563=1155298388-1504145772-%7C1507381766; CNZZDATA1252980167=971138663-1504945282-%7C1507107257; CNZZDATA1260582904=636986059-1506860338-https%253A%252F%252Fwww.baidu.com%252F%7C1506860338; CNZZDATA1257121278=808048673-1506863368-https%253A%252F%252Fwww.baidu.com%252F%7C1506863368; _uab_collina=150415104446755198691488;', null, '2018-03-29 12:05:57');
INSERT INTO `T_U_CONFIG` VALUES ('1', 'cookie.1688.xtafdms_7', 'isg=BODgUlLqrscFDhHDEyYmIwd2se5yQcTWbRSFrVrx1_sPVYN_AvgKQtBt6f1VZXyL; JSESSIONID=9L78qtX92-EhXZZonjLC5G51anzA-MvDYUqQ-wD7E1; _tmp_ck_0=\"X3J523E0UPTUc%2BqRpgCg%2Bwj%2BNvFlBwz04GMI8RLyuMfM53Dt%2BsAMYEoDFw5JGR%2BIKoRk81CVkNRQaLcw1H7I7vCEfBxctXPOfWttBu237ep0OESwBtSM%2BkRfYjlamSv00ul3tr4y5Dxz7%2BF%2F7EDbH4FcmCjlNZTmkgVN715UdYnA%2FBD%2Fa%2FNTHuCsOa7HqyBdFi74TCOqicRf2wK7kf2msdLn%2Bc6RbIgcxLk0vo%2BsvNSzX%2BmwjMM6rs04blYISnHA2YkuwaHJWTp0yl4tNqfrXnVQAo7UPoy5D2bHHMmaoul%2F4nOp%2BNfsuWNq8YbAjd7%2B4b4p3qLf9NUEdXYJDsfbds%2Fkaa2LtlNOTUUGq%2F1kQ5NJZG%2BPS7rMjajWqatDN1mqs3yAMVu%2BdWjwyfHWunVi%2BCQtvS7%2BcRtyTbM1%2BqIXLRTwgjw%2B1VsSNSg3S68x5xaap8NjETTLhoT1lZgNsIuDnNEHXzvIXuYxD3wY%2FTGp7O93wAqPUfLAu6qemh%2BEFtj19qmJvUeYQ50%2Bk%2BLLP%2B7Li5iIlKmGKim%2F\"; __rn_alert__=false; _show_user_unbind_div_=b2b-3230172872278c5_false; _show_sys_unbind_div_=b2b-3230172872278c5_false; _show_force_unbind_div_=b2b-3230172872278c5_false; _is_show_loginId_change_block_=b2b-3230172872278c5_false; cn_tmp=\"Z28mC+GqtZ1RGTpZCqG6h/KrW6BLiWFU3puh9afHHidKUCr+BeZTLP8SgE4b0kkIi0NA7kQVZ/9jHJ3GYX3IvqydahMAvPwmCp35cj7QWm3/FsSYByR89ZRe9jgMdgXBRl5FTcfXrvWyaGFwtlybMecPyvsDelVAJWh4nr4XeE3qSxgJt1VMPjLYdP6cA5BIrmvfbG0JYBUN6JQUFnKkz9e+2xUQzHEBJ3/9rwj9aK/7IVdIUAbfKOfWpJcjWvWFMTzkJCkEOA4=\"; csg=921a6956; _umdata=2BA477700510A7DF7DF95120702E56B9FC6A48CF84F12C8C5E10F54DE08E48C814AE374BB6B06CA6CD43AD3E795C914CE1AA418ADF8E4835506C3F21D6879EEC; alicnweb=touch_tb_at%3D1524896481601%7Clastlogonid%3Dxtafdms_7%7Cshow_inter_tips%3Dfalse%7ChomeIdttS%3D99612278028179128502953187476991208594%7ChomeIdttSAction%3Dtrue; userIDNum=4GEOHpGe7DUQOpLT0qVldw%3D%3D; _nk_=b1vYRUvaT4mOMv4GYTxyHg%3D%3D; userID=fytWiohbm%2FUKL0cNhxLeu4mH7OQL3fB969qNC104F2I6sOlEpJKl9g%3D%3D; login=kFeyVBJLQQI%3D; _csrf_token=1524896479238; tbsnid=ElNubJPkcWxoGd82QTKV23PnNLcBlkM5SmDdmTp1LAM6sOlEpJKl9g%3D%3D; unb=3230172872; LoginUmid=Ceng%2FmQhlCTUeEEqOvpj48%2BThRa5CH3Z4jCBe6W1AoJHKPcCw7TGng%3D%3D; ali_apache_tracktmp=c_w_signed=Y; __cn_logon_id__=xtafdms_7; __cn_logon__=true; sg=726; _tb_token_=fb74eee013e8d; t=b608318016a8ec4b41b5db825cde2f69; cookie17=UNJSvXSHNJUiLw%3D%3D; cookie2=30fab31fdc305b823b90cfe6b24e157a; cookie1=VypX6prhgK%2Bv06SeSVtJ3uF7rlbUWZ%2FiDlYkQKPbZfs%3D; CNZZDATA1253659577=2041650764-1508116884-https%253A%252F%252Fs.1688.com%252F%7C1524892450; _cn_slid_=bSVHdns5KT; __last_loginid__=xtafdms_7; last_mid=b2b-3230172872278c5; ali_apache_track=c_mid=b2b-3230172872278c5|c_lid=xtafdms_7|c_ms=1|c_mt=3; lid=xtafdms_7; ad_prefer=\"2018/04/27 13:30:20\"; alisw=swIs1200%3D1%7C; h_keys=\"%u6298%u53e0%u676f#%u7f51%u7ea2%u540c%u6b3e#%u7535%u7f06%u7ebf#%u9ad8%u5c14%u592b%u6325%u6746%u7ec3%u4e60%u5668#cd%u5448%u5e1d#%u65b0%u6b3e%u4eff%u9676%u74f7%u82b1%u76c6%u5851%u6599%u82b1%u76c6%u7b80%u7ea6%u7279%u5927%u53f7%u5927%u578b%u7eff%u690d%u5851%u6599%u82b1%u76c6%u5706%u5f62%u4e2d%u56fd%u98ce#%u6d17%u9f3b%u5668#%u70df%u7070%u7f38#%u889c%u5b50#%u4fee%u8e44%u5200%u7247\"; CNZZDATA1261011362=1452858330-1510026673-https%253A%252F%252Fwww.1688.com%252F%7C1511862960; UM_distinctid=162d10d965da6-0172b67068f10f-3b604b0a-100200-162d10d965ea2; hng=CN%7Czh-CN%7CCNY%7C156; _uab_collina=150812285198147024888838; CNZZDATA1253488161=1071504180-1511666823-https%253A%252F%252Fwww.baidu.com%252F%7C1518442233; ali_ab=175.10.23.136.1508121027572.5; ubn=p; CNZZDATA1261052687=466687179-1510986308-https%253A%252F%252Fdetail.1688.com%252F%7C1517318616; _bl_uid=kUj8qcR39Lbt4jnkhmvzmXayt4q3; CNZZDATA1253645563=1469852327-1510063641-%7C1514678720; ocms_abtest_value=14; CNZZDATA1253076144=63497104-1510825149-https%253A%252F%252Fwww.baidu.com%252F%7C1513586024; CNZZDATA1260598383=339221337-1513568423-https%253A%252F%252Fwww.baidu.com%252F%7C1513568423; CNZZDATA1252980167=806834938-1508119797-%7C1511247999; CNZZDATA1000007521=1112481919-1510983868-https%253A%252F%252Fwww.baidu.com%252F%7C1510983868; cna=28lUEjoR5BACAa8LksD++3WT; ali_beacon_id=175.10.23.136.1508122640997.304507.5;', '妹妹', '2018-04-28 06:25:07');
INSERT INTO `T_U_CONFIG` VALUES ('1', 'cookie.pdd.14500', 'PASS_ID=affc774ea29343929a773a242f7913fe_14500_22972; CNZZDATA1262818273=1959888573-1510563625-http%253A%252F%252Fmms.pinduoduo.com%252F%7C1524378348; rgC8_2132_visitedfid=65; rgC8_2132_lastvisit=1522383821; rgC8_2132_saltkey=rixj0jW4; Hm_lvt_df3f672cabd7e98ed9defe423766f3f5=1517278478,1517310206,1517361004,1517377373; UM_distinctid=15fb4a21fe94e5-0eeabaf0702356-5848211c-100200-15fb4a21fea33e; api_uid=wKgVpFngkZTBswXNT/xxAg==;', '妹妹', '2018-04-28 02:19:00');
INSERT INTO `T_U_CONFIG` VALUES ('1', 'cookie.tb.gaolanying77', 'isg=BCUlEt51k8SPZvTeXk5_BBf7NeGfytmc_IoX5icK49xrPkWw77LpxLPczKJIPvGs; lc=VygpWrNapOZe3ENfBLRD50g%3D; cookie17=UUkO1%2BUgkrr8; _nk_=gaolanying77; _l_g_=Ug%3D%3D; tg=0; _cc_=Vq8l%2BKCLiw%3D%3D; t=a0966b48b854c9afccb7e3283d09c922; skt=4920979998705b3d; unb=210331417; log=lty=Ug%3D%3D; cookie1=UNcOAPjnsnoFLAtcm2faqnkoHes7Avty3F5Wh3K58%2Fo%3D; mt=np=&ci=13_1; csg=610635a0; sg=770; cookie2=1c2487823c34283b9b241d76be28b25e; dnk=gaolanying77; tracknick=gaolanying77; lgc=gaolanying77; lid=gaolanying77; existShop=MTUyNDYzNjgzMA%3D%3D; uc3=nk2=BJfhhRTG02vIXJHD&id2=UUkO1%2BUgkrr8&vt3=F8dBz4FS97vyZd2I8DU%3D&lg2=U%2BGCWk%2F75gdr5Q%3D%3D; uc1=cookie14=UoTeOo5cGPr7uw%3D%3D&lng=zh_CN&cookie16=UtASsssmPlP%2Ff1IHDsDaPRu%2BPw%3D%3D&existShop=false&cookie21=VT5L2FSpczFp&tag=8&cookie15=V32FPkk%2Fw0dUvg%3D%3D&pas=0; _umdata=0823A424438F76ABB8DD9683D39F11E37E3282F4AF2BED0F6412F15F4F528C42FD621DC5C2F9A92DCD43AD3E795C914CF392F77AB3D76311BD55D9E78CC15CF6; cookieCheck=51594; _mw_us_time_=1524636816866; JSESSIONID=097077D7CDBF0405E3546F0AE4DF12D0; lastalitrackid=item.taobao.com; alitrackid=item.taobao.com; ucn=center; _tb_token_=e6613537307e5; enc=297YNGynb1EMF4dhWXZxYieJi7DC9xCD1TAPHV1eglesC9ve4OfS84HJMr3vca%2F7sqOHSejkfTsPNZlttS4qoA%3D%3D; ubn=p; v=0; _euacm_ac_rs_sid_=64035807; CNZZDATA1000004168=1927490217-1522024841-%7C1524559978; _uab_collina=150410355551544521114207; x=e%3D1%26p%3D*%26s%3D0%26c%3D0%26f%3D0%26g%3D0%26t%3D0%26__ll%3D-1%26_ato%3D0; bid=7; hng=CN%7Czh-CN%7CCNY%7C156; _m_h5_tk_enc=bbff055703ecd90d958ea474664b6df9; _m_h5_tk=56efdf667818e5b797a4334d419c4231_1524365504981; pnm_cku822=098%23E1hvtpvUvbpvUvCkvvvvvjiPPFMOtj3CRLqO0jYHPmP91j1hPsdw1jYWn25pAjrPvphvC9vhvvCvpbyCvm9vvvvGphvvvvvv9krvpv93vvmm86Cv2vvvvUUdphvUOQvv9krvpv93kphvC99vvOClpuyCvv9vvUv19qYT49yCvhQveZGvC0Er1RClHdUf8KClYE7rejOd%2FPoxfXk4jLVDYExreCQaUKLw6n9aejCV1WoQ0fJ6EvLvqU0HKfE97JFEDaVTRogRD7zWaXTA2QhvCvvvMMGtvpvhvvvvv8wCvvpvvUmm; ali_ab=175.12.104.175.1513751496347.2; cna=JKktEjUfdiQCAd70vKJ0bagV; UM_distinctid=1625feac7a2220-0da74e9ea55a28-2b6f686a-100200-1625feac7a3479; CNZZDATA30076816=cnzz_eid%3D1393365619-1521597742-null%26ntime%3D1521597742; CNZZDATA30060257=cnzz_eid%3D539178416-1521094903-https%253A%252F%252F8g8p.taobao.com%252F%26ntime%3D1521094903; did=83319129; _med=dw:1366&dh:768&pw:1366&ph:768&ist:0; CNZZDATA1000297732=1063799134-1513391278-https%253A%252F%252Fopenshop.taobao.com%252F%7C1513391278; l=AqamDvk9rway3BEJahEbzKfZdhYpJupB; jc=shanghai; thw=cn; miid=1904065801576552859;', null, '2018-04-25 06:13:50');
INSERT INTO `T_U_CONFIG` VALUES ('1', 'cookie.tb.mammon2008', 'isg=BL6-x3pJaI1W_7-AQ-lqYxz_D9TAV4IcHxqrR2jHK4H8C17l0I_SieTph9fHM3qR; whl=-1%260%260%261524896443496; _mw_us_time_=1524896406343; uc1=cookie16=V32FPkk%2FxXMk5UvIbNtImtMfJQ%3D%3D&cookie21=Vq8l%2BKCLjA%2Bl&cookie15=VFC%2FuZ9ayeYq2g%3D%3D&existShop=false&pas=0&cookie14=UoTeOoBXKhUitg%3D%3D&cart_m=0&tag=8&lng=zh_CN; swfstore=235693; _umdata=2BA477700510A7DF7DF95120702E56B9FC6A48CF84F12C8C5E10F54DE08E48C814AE374BB6B06CA6CD43AD3E795C914C1C0ADDBC0DD3E311D2EF6A292AFEAAE3; pnm_cku822=098%23E1hvqvvUvbpvUvCkvvvvvjiPPFq9sjYRn2MwljthPmPOzjiWPFF9sjlHRFd9AjiURphvCvvvphvPvpvhvv2MMQyCvhQm%2BeYSjO97%2Bu0fjomUkCOH%2Bull8PLvHdoJejHVtbvqrqpAOH2lYBpzHdDSca21VEoaWLEc340a%2BfmtEpch6C0pWqIKLaVDrswZR7QOKphv8vvvphvvvvvvvvCHhQvvvZ%2BvvhZLvvmCvvvvBBWvvvH%2BvvCHhQvvv7AivpvUvvCCUsqzoATEvpvVvpCmpYFpvphvC9mvphvvv8wCvvpvvhHh; cookie17=W8rr67l3IOk%3D; _nk_=mammon2008; _l_g_=Ug%3D%3D; _cc_=U%2BGCWk%2F7og%3D%3D; skt=2b6713cca6b763d8; unb=83319129; cookie1=U%2BbOG8zx%2FDnNxPsEg%2B6vTV21ouq%2Fhuwr2OeTHmjM8Q8%3D; csg=e7315dc0; sg=898; existShop=MTUyNDg4ODEwMA%3D%3D; uc3=nk2=DlGry6C4X9bOiw%3D%3D&id2=W8rr67l3IOk%3D&vt3=F8dBz4FUBZVPZsXmxBo%3D&lg2=W5iHLLyFOGW7aA%3D%3D; cookieCheck=80802; mt=np=&ci=2_1; lc=VygqH9eIA%2Fv477yL%2Ff5c; dnk=mammon2008; _tb_token_=fb74eee013e8d; cookie2=30fab31fdc305b823b90cfe6b24e157a; v=0; _uab_collina=150814070802788248621124; ucn=unzbyun; log=lty=Ug%3D%3D; tracknick=mammon2008; lgc=mammon2008; lid=mammon2008; mpz=430100; enc=yFP7TlqdsWFVID3mwAqSCKXsQxaCXFpv8ODSukayqkRWQ4U%2FeI56qgPZ7n6lX%2Flz4Vdi2%2FVpGT1zUujzwNdRUA%3D%3D; uc2=wuf=https%3A%2F%2Ftrade.tmall.com%2Fdetail%2ForderDetail.htm%3Fbiz_order_id%3D151481663345312991%26forward_action%3D; did=83319129; l=AhYWvwijdu3yjTWcLfXoRvkH5scYsFrx; ubn=p; tg=0; t=b608318016a8ec4b41b5db825cde2f69; hng=CN%7Czh-CN%7CCNY%7C156; _med=dw:1366&dh:768&pw:1366&ph:768&ist:0; x=e%3D1%26p%3D*%26s%3D0%26c%3D0%26f%3D0%26g%3D0%26t%3D0%26__ll%3D-1%26_ato%3D0; CNZZDATA30050853=cnzz_eid%3D1281259080-1513599439-https%253A%252F%252Fi.taobao.com%252F%26ntime%3D1513599439; ali_ab=175.11.138.67.1513585625605.6; UM_distinctid=15f9a1d0817b6-08958ae8ec5f9-5848211c-100200-15f9a1d081867; miid=5255253751536524018; cna=28lUEjoR5BACAa8LksD++3WT; thw=cn;', '妹妹', '2018-04-28 06:20:58');
INSERT INTO `T_U_CONFIG` VALUES ('1', 'cookie.tb.undefined', 'isg=BKqqAHdahLhObwvEvw22_4hT-xCMsy4fK0Y_AzRjVv2IZ0ohHKt-hfCX85P7kaYN; _tb_token_=e36fe38164f85; v=0; cookie2=32584f6ce919de8e26a012ead6f2d397; _cc_=URm48syIZQ%3D%3D; mt=np=&ci=2_1; uc3=nk2=DlGry6C4X9bOiw%3D%3D&id2=W8rr67l3IOk%3D&vt3=F8dBz4FQol55%2Ft%2BQWtw%3D&lg2=VT5L2FSpMGV7TQ%3D%3D; ucn=unzbyun; lc=VygpXWo5xHZBH0pn%2F39X; log=lty=Ug%3D%3D; tracknick=mammon2008; lgc=mammon2008; lid=mammon2008; _umdata=2BA477700510A7DF7DF95120702E56B9FC6A48CF84F12C8C5E10F54DE08E48C814AE374BB6B06CA6CD43AD3E795C914C1C0ADDBC0DD3E311D2EF6A292AFEAAE3; uc2=wuf=https%3A%2F%2Ftrade.tmall.com%2Fdetail%2ForderDetail.htm%3Fbiz_order_id%3D151481663345312991%26forward_action%3D; enc=b%2BU3tqry3tiK5edxZn8Upt8eYQxkuLKGQzwdefIpRF%2Fsoho18H6E5s5PdrnBJcO9FWPYCZmyfp1%2BR5FkOz%2B7OA%3D%3D; pnm_cku822=107%23sszA%2BzS9skNCQg%2BtBPmjXKq1lnIyg%2FCEXKh1TIFlmFFExXJvZ%2FUz%2FFqLhrNWga0MtsRxKNJgbKyrzg%2BQYNZASg8wjuJFUjNFJTODUKvo05ztRUeBsPeqb7yXXX1WjXheQvew5zee1gvB5ff5ktQHF3cV5hLiV3Au7e5ekD8eCpcVnjyOjzgPNsZ4NZWKTeupLwpPSfItsLgeug5oePdIeFaZ%2FGWojHBILNwtdDpJwMEXg6%2FEZC0Yg8bNgzMd%2BUWfiP4MkK%2FiFw9Vi3m3Bg9SlkhXxlfPFbPnYCql1a5%3D; _uab_collina=150814070802788248621124; did=83319129; l=AhYWvwijdu3yjTWcLfXoRvkH5scYsFrx; ubn=p; tg=0; t=b608318016a8ec4b41b5db825cde2f69; hng=CN%7Czh-CN%7CCNY%7C156; _med=dw:1366&dh:768&pw:1366&ph:768&ist:0; x=e%3D1%26p%3D*%26s%3D0%26c%3D0%26f%3D0%26g%3D0%26t%3D0%26__ll%3D-1%26_ato%3D0; CNZZDATA30050853=cnzz_eid%3D1281259080-1513599439-https%253A%252F%252Fi.taobao.com%252F%26ntime%3D1513599439; ali_ab=175.11.138.67.1513585625605.6; UM_distinctid=15f9a1d0817b6-08958ae8ec5f9-5848211c-100200-15f9a1d081867; miid=5255253751536524018; cna=28lUEjoR5BACAa8LksD++3WT; thw=cn;', null, '2018-04-22 23:44:31');
INSERT INTO `T_U_CONFIG` VALUES ('1', 'cookie.tb.xtafdms_7', 'isg=BOvruiGPNdZ7k2orlkaHyEGoeg8VqP_ncs1eLF1oxyqB_Ate5dCP0oleUjySXFd6; ucn=unzbyun; mt=ci=13_1; uc1=cookie16=U%2BGCWk%2F74Mx5tgzv3dWpnhjPaQ%3D%3D&cookie21=V32FPkk%2FgPzW&cookie15=W5iHLLyFOGW7aA%3D%3D&existShop=false&pas=0&cookie14=UoTeOoBXKhKUPg%3D%3D&tag=10&lng=zh_CN; lc=VygqH9edYDXOjDJwF5Y%3D; cookie17=UNJSvXSHNJUiLw%3D%3D; _nk_=xtafdms_7; _l_g_=Ug%3D%3D; _cc_=V32FPkk%2Fhw%3D%3D; skt=bb6f7f2f12e4ea9c; unb=3230172872; log=lty=Ug%3D%3D; cookie1=VypX6prhgK%2Bv06SeSVtJ3uF7rlbUWZ%2FiDlYkQKPbZfs%3D; csg=ca41b4c3; sg=726; dnk=xtafdms_7; tracknick=xtafdms_7; lgc=xtafdms_7; lid=xtafdms_7; existShop=MTUyNDg5NjQ3MA%3D%3D; uc3=nk2=G5SxlmDRRTIs&id2=UNJSvXSHNJUiLw%3D%3D&vt3=F8dBz4FUBZ3B314qoYc%3D&lg2=V32FPkk%2Fw0dUvg%3D%3D; v=0; cookieCheck=94218; whl=-1%260%260%261524896462764; _mw_us_time_=1524896406343; swfstore=235693; _umdata=2BA477700510A7DF7DF95120702E56B9FC6A48CF84F12C8C5E10F54DE08E48C814AE374BB6B06CA6CD43AD3E795C914C1C0ADDBC0DD3E311D2EF6A292AFEAAE3; pnm_cku822=098%23E1hvqvvUvbpvUvCkvvvvvjiPPFq9sjYRn2MwljthPmPOzjiWPFF9sjlHRFd9AjiURphvCvvvphvPvpvhvv2MMQyCvhQm%2BeYSjO97%2Bu0fjomUkCOH%2Bull8PLvHdoJejHVtbvqrqpAOH2lYBpzHdDSca21VEoaWLEc340a%2BfmtEpch6C0pWqIKLaVDrswZR7QOKphv8vvvphvvvvvvvvCHhQvvvZ%2BvvhZLvvmCvvvvBBWvvvH%2BvvCHhQvvv7AivpvUvvCCUsqzoATEvpvVvpCmpYFpvphvC9mvphvvv8wCvvpvvhHh; _tb_token_=fb74eee013e8d; cookie2=30fab31fdc305b823b90cfe6b24e157a; _uab_collina=150814070802788248621124; mpz=430100; enc=yFP7TlqdsWFVID3mwAqSCKXsQxaCXFpv8ODSukayqkRWQ4U%2FeI56qgPZ7n6lX%2Flz4Vdi2%2FVpGT1zUujzwNdRUA%3D%3D; uc2=wuf=https%3A%2F%2Ftrade.tmall.com%2Fdetail%2ForderDetail.htm%3Fbiz_order_id%3D151481663345312991%26forward_action%3D; did=83319129; l=AhYWvwijdu3yjTWcLfXoRvkH5scYsFrx; ubn=p; tg=0; t=b608318016a8ec4b41b5db825cde2f69; hng=CN%7Czh-CN%7CCNY%7C156; _med=dw:1366&dh:768&pw:1366&ph:768&ist:0; x=e%3D1%26p%3D*%26s%3D0%26c%3D0%26f%3D0%26g%3D0%26t%3D0%26__ll%3D-1%26_ato%3D0; CNZZDATA30050853=cnzz_eid%3D1281259080-1513599439-https%253A%252F%252Fi.taobao.com%252F%26ntime%3D1513599439; ali_ab=175.11.138.67.1513585625605.6; UM_distinctid=15f9a1d0817b6-08958ae8ec5f9-5848211c-100200-15f9a1d081867; miid=5255253751536524018; cna=28lUEjoR5BACAa8LksD++3WT; thw=cn;', '妹妹', '2018-04-28 06:21:09');
INSERT INTO `T_U_CONFIG` VALUES ('1', 'cookie.tb.多彩生活abc', 'isg=BIiIZbBkRhseBqniKfe04ZaJWfZamexRxUxdpUI51IP2HSiH6kG8yx4fkfVtLaQT; whl=-1%260%260%261521508480455; uc1=cookie16=URm48syIJ1yk0MX2J7mAAEhTuw%3D%3D&cookie21=VT5L2FSpdiBh&cookie15=UtASsssmOIJ0bQ%3D%3D&existShop=false&pas=0&cookie14=UoTeP70WWd2JvQ%3D%3D&tag=8&lng=zh_CN; uc2=wuf=https%3A%2F%2Ftrade.tmall.com%2Fdetail%2ForderDetail.htm%3Fspm%3Da1z09.2.0.0.7ff62e8di1ftb7%26bizOrderId%3D138950808760345722; ucn=unzbyun; did=3400342257; mt=ci=7_1; lc=Vygvk8UnBKMWRly5WlpCtQ%3D%3D; cookie17=UNQ3HxUZdy0QbA%3D%3D; _nk_=%5Cu591A%5Cu5F69%5Cu751F%5Cu6D3Babc; _l_g_=Ug%3D%3D; _cc_=U%2BGCWk%2F7og%3D%3D; skt=d6cec46f394f599b; unb=3400342257; log=lty=Ug%3D%3D; cookie1=AC%2FKsGrPvwwtWdR4183z91PLol%2Fnr9NW87eJcnli7XI%3D; csg=b6c81583; sg=c7c; dnk=%E5%A4%9A%E5%BD%A9%E7%94%9F%E6%B4%BBabc; tracknick=%5Cu591A%5Cu5F69%5Cu751F%5Cu6D3Babc; lgc=%5Cu591A%5Cu5F69%5Cu751F%5Cu6D3Babc; lid=%E5%A4%9A%E5%BD%A9%E7%94%9F%E6%B4%BBabc; existShop=MTUyMTUwODQxNA%3D%3D; uc3=nk2=1R1Qc9T5gSGfmS4%3D&id2=UNQ3HxUZdy0QbA%3D%3D&vt3=F8dBz4KCwAKi7qj8PB0%3D&lg2=W5iHLLyFOGW7aA%3D%3D; _umdata=2BA477700510A7DF7DF95120702E56B9FC6A48CF84F12C8C5E10F54DE08E48C814AE374BB6B06CA6CD43AD3E795C914C65EFB71D4E4821E3F8864DE5DE5924B0; v=0; enc=jZB95JaofRKTK3MKXQbpRn%2FTdnh8lUXcnaXv0p4yZ%2Fm2lHh%2FjgRot67oYmq8vlPz87ke0TKuZ2B5LW0WIIERqA%3D%3D; x5sec=7b22627579323b31223a22356162303564313730343533313434323366643538373638626237366236303464623835333334316261363839613164227d; _mw_us_time_=1521507452394; swfstore=191924; _tb_token_=5ea44333f315; cookie2=321e12f460029828e7e1271b07cdeb46; _uab_collina=150814070802788248621124; pnm_cku822=098%23E1hvjvvUvbpvUvCkvvvvvjiPPLc90jlnnLLU6j3mPmPpQjDCPLcUAjrRRs5wtji2iQhvCvvv9UUtvpvhvvvvvvhCvvOvCvvvphvEvpCWhmtJvvwDlO03DBh78BoxfJCl5t3ABaLvTn94ecaf0f0DyBvOJ1kHsX7veC1TmEcBlwyzhmyZD7zUA8gJEcqhgj7gndUKoaV3MnQXV8yCvv9vvUmQ5gSUVOyCvvOUvvVvay8tvpvIvvvvvhCvvvvvvUUdphvU79vv9krvpvQvvvmm86CvmVWvvUUdphvUOQGCvvpvvPMM; l=AhYWvwijdu3yjTWcLfXoRvkH5scYsFrx; ubn=p; tg=0; t=b608318016a8ec4b41b5db825cde2f69; hng=CN%7Czh-CN%7CCNY%7C156; CNZZDATA1000004168=2001489654-1514506589-%7C1517913686; _med=dw:1366&dh:768&pw:1366&ph:768&ist:0; x=e%3D1%26p%3D*%26s%3D0%26c%3D0%26f%3D0%26g%3D0%26t%3D0%26__ll%3D-1%26_ato%3D0; bid=1; CNZZDATA30050853=cnzz_eid%3D1281259080-1513599439-https%253A%252F%252Fi.taobao.com%252F%26ntime%3D1513599439; CNZZDATA1000297732=1059907152-1513391492-https%253A%252F%252Fopenshop.taobao.com%252F%7C1513587877; ali_ab=175.11.138.67.1513585625605.6; CNZZDATA1258666673=1827320666-1513584517-https%253A%252F%252Fsell.taobao.com%252F%7C1513584517; UM_distinctid=15f9a1d0817b6-08958ae8ec5f9-5848211c-100200-15f9a1d081867; miid=5255253751536524018; cna=28lUEjoR5BACAa8LksD++3WT; thw=cn;', null, '2018-03-20 01:14:40');
INSERT INTO `T_U_CONFIG` VALUES ('1', 'cookie.tb.旸909', 'isg=BJ6eJE_oSHlELp9go0kKwzxf7zQg92Kz__qLp0gnCuHcaz5FsO-y6cQJZ3fn01rx; whl=-1%260%260%261521508534072; uc2=wuf=https%3A%2F%2Ftrade.tmall.com%2Fdetail%2ForderDetail.htm%3Fspm%3Da1z09.2.0.0.67002e8dC0Jamo%26bizOrderId%3D126359381989323653; ucn=unzbyun; did=3400325336; mt=ci=0_1; uc1=cookie16=VFC%2FuZ9az08KUQ56dCrZDlbNdA%3D%3D&cookie21=VT5L2FSpdiBh&cookie15=URm48syIIVrSKA%3D%3D&existShop=false&pas=0&cookie14=UoTeP70WWd2EoQ%3D%3D&tag=8&lng=zh_CN; lc=Vygvk8UEZn3eVQ%3D%3D; cookie17=UNQ3HxUfATCfgg%3D%3D; _nk_=%5Cu65F8909; _l_g_=Ug%3D%3D; _cc_=V32FPkk%2Fhw%3D%3D; skt=62b71599e38fdd56; unb=3400325336; log=lty=Ug%3D%3D; cookie1=VT5Q1N2OdK%2FOcNmXYPfbU7V9sxNqjL2cqCWrRCnxBF8%3D; csg=8d084cea; sg=967; dnk=%E6%97%B8909; tracknick=%5Cu65F8909; lgc=%5Cu65F8909; lid=%E6%97%B8909; existShop=MTUyMTUwODQ5Ng%3D%3D; uc3=nk2=9ryZIgg%3D&id2=UNQ3HxUfATCfgg%3D%3D&vt3=F8dBz4KCwAKi5mkzqHo%3D&lg2=VT5L2FSpMGV7TQ%3D%3D; _umdata=2BA477700510A7DF7DF95120702E56B9FC6A48CF84F12C8C5E10F54DE08E48C814AE374BB6B06CA6CD43AD3E795C914C65EFB71D4E4821E3F8864DE5DE5924B0; v=0; enc=jZB95JaofRKTK3MKXQbpRn%2FTdnh8lUXcnaXv0p4yZ%2Fm2lHh%2FjgRot67oYmq8vlPz87ke0TKuZ2B5LW0WIIERqA%3D%3D; x5sec=7b22627579323b31223a22356162303564313730343533313434323366643538373638626237366236303464623835333334316261363839613164227d; _mw_us_time_=1521507452394; swfstore=191924; _tb_token_=5ea44333f315; cookie2=321e12f460029828e7e1271b07cdeb46; _uab_collina=150814070802788248621124; pnm_cku822=098%23E1hvjvvUvbpvUvCkvvvvvjiPPLc90jlnnLLU6j3mPmPpQjDCPLcUAjrRRs5wtji2iQhvCvvv9UUtvpvhvvvvvvhCvvOvCvvvphvEvpCWhmtJvvwDlO03DBh78BoxfJCl5t3ABaLvTn94ecaf0f0DyBvOJ1kHsX7veC1TmEcBlwyzhmyZD7zUA8gJEcqhgj7gndUKoaV3MnQXV8yCvv9vvUmQ5gSUVOyCvvOUvvVvay8tvpvIvvvvvhCvvvvvvUUdphvU79vv9krvpvQvvvmm86CvmVWvvUUdphvUOQGCvvpvvPMM; l=AhYWvwijdu3yjTWcLfXoRvkH5scYsFrx; ubn=p; tg=0; t=b608318016a8ec4b41b5db825cde2f69; hng=CN%7Czh-CN%7CCNY%7C156; CNZZDATA1000004168=2001489654-1514506589-%7C1517913686; _med=dw:1366&dh:768&pw:1366&ph:768&ist:0; x=e%3D1%26p%3D*%26s%3D0%26c%3D0%26f%3D0%26g%3D0%26t%3D0%26__ll%3D-1%26_ato%3D0; bid=1; CNZZDATA30050853=cnzz_eid%3D1281259080-1513599439-https%253A%252F%252Fi.taobao.com%252F%26ntime%3D1513599439; CNZZDATA1000297732=1059907152-1513391492-https%253A%252F%252Fopenshop.taobao.com%252F%7C1513587877; ali_ab=175.11.138.67.1513585625605.6; CNZZDATA1258666673=1827320666-1513584517-https%253A%252F%252Fsell.taobao.com%252F%7C1513584517; UM_distinctid=15f9a1d0817b6-08958ae8ec5f9-5848211c-100200-15f9a1d081867; miid=5255253751536524018; cna=28lUEjoR5BACAa8LksD++3WT; thw=cn;', null, '2018-03-20 01:15:38');
INSERT INTO `T_U_CONFIG` VALUES ('1', 'cookie.tb.蓝胡子的天空', 'isg=BCsr_DIE9alHUiqARCzZEn15u0_V6D-oZsip2J2oBWrBPEueJRDPEsmeknxSGpe6; _mw_us_time_=1524362965146; ucn=unzbyun; lc=VygpXWqU%2BpvMz04HTSnIC6M%3D; cookie17=VWsg5rrVe4rH; _nk_=%5Cu84DD%5Cu80E1%5Cu5B50%5Cu7684%5Cu5929%5Cu7A7A; _l_g_=Ug%3D%3D; tg=0; _cc_=VT5L2FSpdA%3D%3D; t=a0966b48b854c9afccb7e3283d09c922; skt=049248d6cb993c2a; unb=648947532; log=lty=Ug%3D%3D; cookie1=Vv0gHWN5zJWd7d9RRWXn%2B4PQqmHqa85zYfL5cklT16w%3D; mt=np=&ci=1_1; csg=acf31be6; sg=%E7%A9%BA25; cookie2=22dbb6ec417b4220a0101319901f2160; dnk=%E8%93%9D%E8%83%A1%E5%AD%90%E7%9A%84%E5%A4%A9%E7%A9%BA; tracknick=%5Cu84DD%5Cu80E1%5Cu5B50%5Cu7684%5Cu5929%5Cu7A7A; lgc=%5Cu84DD%5Cu80E1%5Cu5B50%5Cu7684%5Cu5929%5Cu7A7A; lid=%E8%93%9D%E8%83%A1%E5%AD%90%E7%9A%84%E5%A4%A9%E7%A9%BA; existShop=MTUyNDM2Mjk2Mg%3D%3D; uc3=nk2=o6sV25EH8jUmK3rr&id2=VWsg5rrVe4rH&vt3=F8dBz4DxX%2BUhlW1pF3o%3D&lg2=V32FPkk%2Fw0dUvg%3D%3D; uc1=cookie14=UoTeOouQaXlbzQ%3D%3D&lng=zh_CN&cookie16=VFC%2FuZ9az08KUQ56dCrZDlbNdA%3D%3D&existShop=true&cookie21=VFC%2FuZ9ajCWYhIooqbUi6Q%3D%3D&tag=8&cookie15=UIHiLt3xD8xYTw%3D%3D&pas=0; _umdata=0823A424438F76ABB8DD9683D39F11E37E3282F4AF2BED0F6412F15F4F528C42FD621DC5C2F9A92DCD43AD3E795C914CF392F77AB3D76311BD55D9E78CC15CF6; cookieCheck=86131; _tb_token_=fb5bb0f7a737e; v=0; ubn=p; enc=wpNHMLRX0pg7%2FMLpcNhRXzHZLWE5CbS%2Fku3vI5iHl31hXBKgHGtHEaTQsLhODDlpPqP7CcJndmGXj38JGXlCCQ%3D%3D; _m_h5_tk_enc=9d91d1e0a236c913db1084557e64b0fa; _m_h5_tk=69683bc2d7470f908e72037007b92bf3_1524189978661; CNZZDATA1000004168=1927490217-1522024841-%7C1523689444; pnm_cku822=098%23E1hvtpvUvbpvUvCkvvvvvjiPPFMOtj3CRLqO0jYHPmP91j1hPsdw1jYWn25pAjrPvphvC9vhvvCvpbyCvm9vvvvGphvvvvvv9krvpv93vvmm86Cv2vvvvUUdphvUOQvv9krvpv93kphvC99vvOClpuyCvv9vvUv19qYT49yCvhQveZGvC0Er1RClHdUf8KClYE7rejOd%2FPoxfXk4jLVDYExreCQaUKLw6n9aejCV1WoQ0fJ6EvLvqU0HKfE97JFEDaVTRogRD7zWaXTA2QhvCvvvMMGtvpvhvvvvv8wCvvpvvUmm; _uab_collina=150410355551544521114207; hng=CN%7Czh-CN%7CCNY%7C156; bid=7; ali_ab=175.12.104.175.1513751496347.2; cna=JKktEjUfdiQCAd70vKJ0bagV; UM_distinctid=1625feac7a2220-0da74e9ea55a28-2b6f686a-100200-1625feac7a3479; CNZZDATA30076816=cnzz_eid%3D1393365619-1521597742-null%26ntime%3D1521597742; CNZZDATA30060257=cnzz_eid%3D539178416-1521094903-https%253A%252F%252F8g8p.taobao.com%252F%26ntime%3D1521094903; x=e%3D1%26p%3D*%26s%3D0%26c%3D0%26f%3D0%26g%3D0%26t%3D0%26__ll%3D-1%26_ato%3D0; did=83319129; _med=dw:1366&dh:768&pw:1366&ph:768&ist:0; CNZZDATA1000297732=1063799134-1513391278-https%253A%252F%252Fopenshop.taobao.com%252F%7C1513391278; l=AqamDvk9rway3BEJahEbzKfZdhYpJupB; CNZZDATA1000008421=2140584658-1508897635-https%253A%252F%252Ffang.taobao.com%252F%7C1508903106; jc=shanghai; thw=cn; miid=1904065801576552859;', null, '2018-04-22 02:09:24');
INSERT INTO `T_U_CONFIG` VALUES ('1', 'mall.types', 'tb tm 1688', null, '2018-04-22 05:01:37');
INSERT INTO `T_U_CONFIG` VALUES ('1', 'message.to.wx.14500', '羽蒙', null, '2018-03-31 11:55:17');
INSERT INTO `T_U_CONFIG` VALUES ('1', 'PDD_MALL_IDS', '14500 719446643', '妹妹', '2018-04-27 07:59:21');
INSERT INTO `T_U_CONFIG` VALUES ('2', 'cookie.1688.2017龙腾虎跃888', '_tmp_ck_0=\"zbfvknZrLpue0LSCzasQ0Y9fuBRB9%2BUrN9yfJC0GC6WmzFE1%2FoernPwKpC1N6q%2B40cDSg6s%2F%2BqtJYaEk7jwvPsLQEz%2BB9U8Bd6DdO13dINHXwtcNbhvsWbSyM9vEH7GNKHvq%2FQC0NgiLnxSUOPWnGmh0E0m1jhwiaAuk5IsyPBtFCUt2LRpk6uKwqEmoIp8BcBzyYx4Da9x%2B%2FCHScqmJzUOIgNi0ScJDG0MSTROg7D7%2FKE3wosG1VGrA705ziI%2B3njbT7%2FQCXqG%2FnnJyNdVcZtksvEOXs5YcE1krqB6qF16IYSoGrOWYWB0m8lMCAp5pGBr4pCdXQ1P3THNDEuEEkqRmeokEn9TNrhHOt1QHtREP7ggQO%2FADGKJ09yMeWIuUjur7OvDQL8namRl5T1fYwllubEisuUPqEMvV4ELZRe9Kx5%2BvRELJ3v8%2By5VUXpwC5JoIP4SZFlPwvz4PlFX%2BcRj6EaPPyBv2kudWHi0fdcYUYUQnexgYrudvHHHMNOAMErWxAE8G2VobXByQEo9JxZKbGfvz9OUzeGhGSeWRrWI%3D\"; isg=AgAA_0G7TR8I1DEbGB6eVA_D0Y7Yg-61N50nVnqRu5ut9aMfIpjL4-jNeVLt; aliBeacon_bcookie=; alicnweb=touch_tb_at%3D1507603103170%7Clastlogonid%3D2017%25E9%25BE%2599%25E8%2585%25BE%25E8%2599%258E%25E8%25B7%2583888; __rn_alert__=false; _umdata=B2C05D6F0D50C4CA603FB980D8CFA055FB50B263B1820A27F44A54406C517F8B98C806D0111BB899CD43AD3E795C914C5AE7D61A3277B8D1FDF8E231276AC7B3; CNZZDATA1253659577=1240504132-1507598243-null%7C1507603643; cna=ZgxjEmESYmACAa8A67dUyyxL; userIDNum=\"BGycKIAvtkIweryo8R4itA%3D%3D\"; landingPage=home; ubn=p; _show_user_unbind_div_=b2b-33357452022e8d3_false; _show_sys_unbind_div_=b2b-33357452022e8d3_false; _show_force_unbind_div_=b2b-33357452022e8d3_false; _is_show_loginId_change_block_=b2b-33357452022e8d3_false; UM_distinctid=15f04255dda1-0758875dfc6036-6a131375-100200-15f04255ddb9f; _csrf_token=1507602856034; __last_loginid__=\"2017%E9%BE%99%E8%85%BE%E8%99%8E%E8%B7%83888\"; last_mid=b2b-33357452022e8d3; userID=\"7mMtKJ4YiHWPU46T79oNEzkG9ntYuBItY9pq6RNAtsM6sOlEpJKl9g%3D%3D\"; LoginUmid=\"AAR8eFHLlVdXBGoOteFI4MHXoYS%2F672U6ha%2BIOsVj7aOMv4GYTxyHg%3D%3D\"; tbsnid=Ea%2FDe4ayzjfHfDCXRRgmGAlv90me8zuZ6XwgoTzFypI6sOlEpJKl9g%3D%3D; _cn_slid_=\"i%2FRO9sdYq2\"; cn_tmp=\"Z28mC+GqtZ097lw1+K8/LIPB01tSwFyx5qKllH095Z0Z6a89haMWnSwrHN2YjCnKI6ju5uDS+cIDWF3z9S10PB+iiSX/D+frtwhWADi2T+JIJ95m+pPLrvnhL4+9bpZnLLHG6+Ya+ZwiN3czvawumhU4dJTOo7ZSsbs0/fsnh+YMB19oeMpmdiPMI8WZRil+KIKnSrdLPAkeb0DLzOYKdEZORBg1dlehJQ/jXsmAMXXWQuf5kMzkmmkSm0hQqGJqrnPONwsJD+Q=\"; ali_apache_tracktmp=\"c_w_signed=Y\"; ali_apache_track=\"c_ms=1|c_mid=b2b-33357452022e8d3|c_lid=2017%E9%BE%99%E8%85%BE%E8%99%8E%E8%B7%83888\"; __cn_logon_id__=2017%E9%BE%99%E8%85%BE%E8%99%8E%E8%B7%83888; __cn_logon__=true; _tb_token_=e355e5eb67507; t=ca4e535350a32d329dd2e437fd4519a7; hng=CN%7Czh-cn%7CCNY; cookie2=1f3bd9a9531ab32420991cfbc49de756; JSESSIONID=Ji4ZBBg-TjRY0f31qx5Y9CQhm9-1RwBcXQ-3sK1;', null, '2017-10-10 03:22:26');
INSERT INTO `T_U_CONFIG` VALUES ('2', 'cookie.1688.8vvRBSCWViU=', '_tmp_ck_0=\"HCGgddy%2F7BBI95dYypn%2FRylSKswjb1CK6YY4TixV%2BHo3k%2Bb4Ikb4uLwrpFnMOJO2sO93B9GMmRTe0latEG8fmgPKko9L%2FjOg7RwN2Ei7T2Bt2EH0g0RNQhHWGq8%2BiaofeuiCHExMDrceposhnFkEDB1ppucpq723f40qADez4PWpS0ql2lw2%2BB5ELybqrRfD7A3kkmXNg8i%2BsNmF9MzZ3F9UQMi7Z03mSk8caKPD21L3RcLLW%2FhW9f0AwmPZW3i13jur0S5idM%2FR21cfOS4TTf%2FOeq%2FeNvzyABrOjBy1Qq0JdbU0YK4Dfu9LGGmvhBlI5inJTTIYqTiy2ZiNVmVfGL4y8aGBctE6NUFrHdrmsOyhOE6T%2B2Pfu2SUI8X1WjTpEqHAvOsEnCSlQN%2BKlAZUz9O9sJ1lwF8%2FXqDMdfpZMNu97FBZqdo9wcAFHLGx2IcabGi0WtpjIF27OWQmA2XX6T0v8jD9EN7H0EdodWH9taG9v%2BUN8VnAnH4pfy%2FV2rTfbpXiQBal2%2Bp0dq2jPjwKag%3D%3D\"; __cn_logon__=false; isg=AhERTHSJL2k5j0N99MRr3KaMMh2rfoXw8G6DqvOmDVj3mjHsO86VwL_4SGGa; _nk_=8vvRBSCWViU%3D; userIDNum=Ot6tvji%2FoEY6sOlEpJKl9g%3D%3D; aliBeacon_bcookie=; alicnweb=touch_tb_at%3D1514775655898%7Clastlogonid%3Dlotomer; JSESSIONID=8L78bUhv1-9jrYEL9agvMoRFjhC8-tCUORfQ-00A3; landingPage=home; ubn=p; login=\"kFeyVBJLQQI%3D\"; __last_loginid__=lotomer; last_mid=b2b-210332859bb1b; userID=\"7sOxO4f5%2BTQunIVLsL69oljpQ49y2CUgarZMIyTVvv86sOlEpJKl9g%3D%3D\"; LoginUmid=\"BZIyhEx76Wf843FZlTPH35ExPVJQcFRGx2W2NyJFfQQQoN5blcC8mQ%3D%3D\"; tbsnid=0PHLEqzS1MONvapmxT2y45%2FJ6KbnF6M9b3duAMsbZWg6sOlEpJKl9g%3D%3D; _cn_slid_=\"2nTJ9t6QF%2B\"; _ITBU_IS_FIRST_VISITED_=*xC-i2FHuvFvSvCNYMmHT%3Apm0hvr2rm3; _umdata=9FF34244E761CF7474DF4E139AA97A23A197C20C9DCC3538AD1B063B324FD4C8327E08154254CBA7CD43AD3E795C914C0BAC65BED9B5338098D8EEA97DAB7654; ali_apache_tracktmp=\"c_w_signed=Y\"; ali_apache_track=\"c_ms=1|c_mid=b2b-210332859bb1b|c_lid=lotomer\"; _csrf_token=1514772370447; cna=WX7QErxm/RUCAa8A62RROt8v; CNZZDATA1253659577=1639056242-1514769253-null%7C1514769253; UM_distinctid=160af78106c269-0baf266fcda417-2b6f686a-100200-160af7810744d;', null, '2018-01-01 05:38:14');
INSERT INTO `T_U_CONFIG` VALUES ('2', 'cookie.1688.laner3751', 'alicnweb=touch_tb_at%3D1507078486404%7Clastlogonid%3Dlaner3751; isg=AhUVQMaN4IA2C8R8Nj70R8tmJBEPust6IjayeZe61wzb7jXgX2LZ9COszP0A; _tmp_ck_0=\"zbfvknZrLpvYj8MJwymyKMcQa%2FB%2FEcn%2F9moVZjRrNEeYrE0gOi4Ul8ATpMTeLGeBRf2gnQ7xwqA2S6nxMJMzbX950OpMJ0Wrsi%2FNR1KK4bBa26sllwR9BgWjVsjvL9qojm3cqkT3BWGOgCrJfdznYzkC9G6ZTFoObu%2FFaJgOt1TKm8ib8mrmBb8pVAGRc6pIth35VGDi33%2B2%2ByS39WGM5p8ASbxvVYxvAV1nttWY37%2BiRB5tTOCVGQD8yOGioVwgimaC1Y4xVHCnHDAaCFYm93DpMpQcNJmZ2RACEHfQJVbvcpa8kQ%2BWx0NBurnou92sv0ipYZBxf%2BIoHydlaXtTQ5%2Bwd2%2Bt6R1YlD8HZlgansnBoSGwGAGampX75zhf1bvGzHlzhQitAOaCiirrEAA%2FzBqj5IBI5IWHSKJD7%2BQvnzAxOQ1yJRWrLPAG9n7unvkO2GQzlCnbSUehba9hn5zsH48zIv1AbH2%2FyxqPlKNgClHeTKyLzJuYkxedOfPyS0oZ62ww%2F94YRMzSWSBHWhqPvakqFGIV2rZlg1MPuh%2BLu7A%3D\"; _nk_=D5T%2F7zHh3RpTAhztWl1ziA%3D%3D; userIDNum=BlMZf%2BVa7Yi6o%2F7uRMwTmg%3D%3D; aliBeacon_bcookie=; __rn_alert__=false; _show_user_unbind_div_=b2b-343508529308d0f_false; _show_sys_unbind_div_=b2b-343508529308d0f_false; _show_force_unbind_div_=b2b-343508529308d0f_false; _is_show_loginId_change_block_=b2b-343508529308d0f_false; cna=uBlbEpYSWmkCARsatrQftNUc; login=\"kFeyVBJLQQI%3D\"; __last_loginid__=laner3751; unb=3435085293; last_mid=b2b-343508529308d0f; userID=\"pJ0UnQOMi%2FVWdjIYc%2FoZJbTt4klJNtgfC0V%2B0AjQdwI6sOlEpJKl9g%3D%3D\"; LoginUmid=\"AAR8eFHLlVdXBGoOteFI4MHXoYS%2F672U6ha%2BIOsVj7aOMv4GYTxyHg%3D%3D\"; tbsnid=SFI3Y2aEYgDJVH4KtB9HxVoLrcpckUWNSNzf2%2Fn94%2Bg6sOlEpJKl9g%3D%3D; _cn_slid_=\"a%2B%2B%2BiECOGL\"; cn_tmp=\"Z28mC+GqtZ3MpxHDkc0jGWaZa+/N52LxEK30JRdZMRdkI+bUqbQxKrf07a4g7WdMecR7WaKKab7GYS5tUIFt4Hp1u1o7b1Go5kYepjTuC+H1FMn6fyO3R2CYp4tMaIH7uMF9yGbkReueSKj2DciEE8Iz53WDLsVc4qsR2sEaa/CBOkihoBGaDvH+INi2XaNkgnhMgDyk2NZVLD5dLxtMpCCQqW5H8pZ6QuqEoNFkC28tXqH8UndXBVp7mlqqTeuV\"; ali_apache_track=\"c_ms=1|c_mid=b2b-343508529308d0f|c_lid=laner3751\"; __cn_logon_id__=laner3751; __cn_logon__=true; sg=132; _tb_token_=36397eebe4031; t=46535b0c354080595e3173644082d17f; hng=CN%7Czh-cn%7CCNY; cookie17=UNQ0Ua0KHcQlMw%3D%3D; cookie2=3177ab4fcdb333ea8c47b305c4424c2e; cookie1=AH5aQCKmrT84sqdvg5Ti2A4NGydXXLi7z2Shx5gnXMY%3D; ubn=p; _umdata=7A3AC4BAEF2935C1639BCECF6071BDD5CC3228643F6726BD86ABD2AF1705F77C1FF2561B6C32D0C9CD43AD3E795C914C8702FE774C54343A68BF2F09E475B8CF; _uab_collina=150707861134728214558933; __mbox_csrf_token=cqDh5Hy3qpHqwbqX_1507080413524; CNZZDATA1253659577=1970827829-1507074671-null%7C1507074671; CNZZDATA1253645563=1461246583-1507073604-%7C1507073604; UM_distinctid=15ee4e08848b5-02b88f378db203-6a131375-100200-15ee4e0884e1e1; landingPage=home; _csrf_token=1507078388191; ali_apache_tracktmp=\"c_w_signed=Y\"; JSESSIONID=UJyYlnc-QwOYea1E6T5glCUdc5-kPKh2XQ-O1R2;', null, '2017-10-04 01:05:39');
INSERT INTO `T_U_CONFIG` VALUES ('2', 'cookie.1688.lotomer', 'isg=BJycItoEKkyu1N7OtgEd9e4uf7pEH0rPHSX-rXadvQdqwT5LniUQzxJjJSk5zniX; ubn=p; alicnweb=touch_tb_at%3D1524882557145%7Clastlogonid%3Dlotomer; __rn_alert__=false; _show_user_unbind_div_=b2b-210332859bb1b_false; _show_sys_unbind_div_=b2b-210332859bb1b_false; _show_force_unbind_div_=b2b-210332859bb1b_false; _is_show_loginId_change_block_=b2b-210332859bb1b_false; _tmp_ck_0=\"Fllkyw0NULK%2BwNY77tgvxOJQIYdryQB4FXUNKgKscnkJqw6H6isUpAE5eahEEnHw3a8KiN9F8Zb3LP507ZTlfslrdsvrxRrVtDKk%2FAG42RRBC6ox7iFTpvPKAgXmC9Y8obGyZQOYOAtq2P9dcxdxoJtw%2FlA%2FD7jpsXid%2FDPUDAcD0sN2asw9VrJGLsP4WEvtwF3lF93GDhZNZdy8zNZtSzMiv6u36UBSzCBHEI1uedj4DhFGIn0IQ3ChnIKWg16sdRLqVi3sUv8GdB0u9%2BIEo95zkTB%2B6wzzQtwkhdJ%2FDSMugWQvPo%2Bm%2FfR5m6eTNfxqX6krBzbWVj4uaps7we4E%2BwfcPvwPlLP0%2BqfztAh3yShTExnUcTldc8mKu8vIF9XXJyL%2FW2YO%2B0ttipcS9AlDWpC%2FTmwFccLLD2%2F6iH3iR4I%3D\"; JSESSIONID=n1AZ52c-u1LZCLppg3qj9KNxd7-N6kbTqQ-3Sdl; _umdata=A7C08C2AED28C729AFBAA55967ED4DCB3617AAC9003F89F7F76645055463AAC7AD3DEB00A21E0C4DCD43AD3E795C914CFB598958CB46DF2093694972A1C649D7; last_mid=b2b-210332859bb1b; __cn_logon__=true; __last_loginid__=lotomer; __cn_logon_id__=lotomer; _cn_slid_=2nTJ9t6QF%2B; userIDNum=Ot6tvji%2FoEY6sOlEpJKl9g%3D%3D; _nk_=8vvRBSCWViU%3D; userID=7sOxO4f5%2BTQunIVLsL69oljpQ49y2CUgarZMIyTVvv86sOlEpJKl9g%3D%3D; login=kFeyVBJLQQI%3D; cn_tmp=\"Z28mC+GqtZ1DVDRgBpNMjUZaY6A6FdxYlObWl00aDZdVvbJHRRudFPfKHESUObeT/wN/SEA2bRc5C2mfJt8bsVFW0dmHUfqzhiIB7SeQyaWJZwxpW4h+qO6iF913+Fsv5CQN0kzgUJgbKczuMWhazYX42uGTnWxmLiY0So+5g594T89sq2F48W4gBfmCOS4X0B4Cojll+3gozrlJ5XfTb/d8HrNPNwXZqXojPlfTmhEn/UPjjWPAMm2UCKVr1Vh1\"; tbsnid=3kGF1vvBTT%2Fa0S52Jn0k4OA%2BVmbVo3uA9fVcSQv1TrY6sOlEpJKl9g%3D%3D; unb=21033285; LoginUmid=BZIyhEx76Wf843FZlTPH35ExPVJQcFRGx2W2NyJFfQQQoN5blcC8mQ%3D%3D; lid=lotomer; csg=905355e9; sg=r5a; _tb_token_=5d78be5eb77e; t=ac2115fee26b5ab885bc6eff6e05f222; hng=CN%7Czh-CN%7CCNY%7C156; cookie17=UUkO1%2BUjSm0%3D; cookie2=16d46cd0fc82ac2fd4a87963f4286089; cookie1=B0f6ri8xg4roD4vBFBmCSQXrxkzx6H0qety5xCCPdyQ%3D; _csrf_token=1524882541922; ali_apache_tracktmp=c_w_signed=Y; CNZZDATA1253659577=1928758771-1522551705-null%7C1524881650; ad_prefer=\"2018/04/25 20:58:49\"; ali_ab=175.12.18.36.1523368911260.7; alisw=swIs1200%3D1%7C; h_keys=\"%u6811%u8102%u70df%u7070%u7f38\"; CNZZDATA1261011362=1725338911-1523363993-https%253A%252F%252Fdetail.1688.com%252F%7C1523363993; ali_apache_track=c_mid=b2b-210332859bb1b|c_lid=lotomer|c_ms=1; UM_distinctid=1627f797d3061d-06ef9845230edb-2b6f686a-100200-1627f797d314a8; cna=mm1EE/lNqyQCAa8ME6fBSVK9;', null, '2018-04-28 02:29:17');
INSERT INTO `T_U_CONFIG` VALUES ('2', 'cookie.1688.undefined', '_tmp_ck_0=4jKaQ%2F%2Fidqn9bFyoX8xoZhACtAPb5YsYNAkVLcNvxp5EaEX9J1TYYoyuJW%2BKAptH8k%2FHwtrixYOpHU93KLBeAGQ7MK44zyIAZMPdTq%2BYVn9%2BlhSbE047TcWWOCbvt1qFWhsGft58DwH45avwvWaHiVwBCkcxFBra18IyEPQkIhAcyzG1ruVTVa1obqfOTRGVBLf209EK1zyvd12CXumlyc%2F1VLwWLTTd0Io%2FliEhWiyYbXMFktzsONdhDH3MW6TASpGM%2Fgr8SY9%2BT8qZUXGFx%2BGpxuwzLnWuuHkPpZpHyz1eUX1O%2FHFefpfTaBAEMqbap7rntp6bcDi9j0u0VuYjIjf6o3FRZkiL6JnAuhgpgT5F8drYRZsF6t%2Fii13LNThTUU77mXtcnmU%3D; __cn_logon__=false; _tb_token_=7153eb19d4e77; t=ac2115fee26b5ab885bc6eff6e05f222; hng=CN%7Czh-CN%7CCNY%7C156; cookie2=154e63bf3d6bccd4cfa41306a35b3b5b; JSESSIONID=ItAZwzf-ddUZy5fc6darqxJCpA-LNspUoQ-nxH; isg=BMjIsZYYBiw0c2rSouWBsRLSizbQeyaL0UmqUYJ4e8M2XWjHKoH8C1400TUtyuRT; alicnweb=touch_tb_at%3D1523026480663%7Clastlogonid%3Dlotomer; _cn_slid_=kfGV%2Bxl8c6; __last_loginid__=%E6%88%91%E6%98%AFtoms88; last_mid=b2b-3251814318025c4; ali_apache_track=c_mid=b2b-3251814318025c4|c_lid=%E6%88%91%E6%98%AFtoms88|c_ms=1; ubn=p; _umdata=A7C08C2AED28C729AFBAA55967ED4DCB3617AAC9003F89F7F76645055463AAC7AD3DEB00A21E0C4DCD43AD3E795C914C501817B7CCD293CF3EED605AB36BBABD; CNZZDATA1253659577=1928758771-1522551705-null%7C1522826530; UM_distinctid=1627f797d3061d-06ef9845230edb-2b6f686a-100200-1627f797d314a8; cna=mm1EE/lNqyQCAa8ME6fBSVK9;', null, '2018-04-07 02:33:41');
INSERT INTO `T_U_CONFIG` VALUES ('2', 'cookie.1688.vaval520', 'alicnweb=touch_tb_at%3D1523367734903%7Clastlogonid%3Dvaval520; _tmp_ck_0=\"4eBTqdpOdrQYvDJajne0deB3CbnAsd1Cu%2B3fGfpNAspNtTvGOgoZXMpstE0TRtKUvNQO618m6%2BsybjCCvKt0EWaiKFu49fzuAsInSFqF5iJhdvoa2chwocnNDdqr1pYHYM31QQW16ZkhcFAy39%2BlEKg%2BFkCIAGFIlueSXBr2ehEsYb2fXbBDyOHdkJ5LOIQaB5MaZQaLqzERN3LTc%2BGKUNE9Cp0CEwEdI7E6Mj04sls0mp%2F2FdnF6otY1oU8y0Ofm%2FTP%2Fi5TUoIQVRfC90HpbdbkDf0dN8EE65FnxNGF6UN0%2F6jKT1p4x1yrBHPoo%2BCZLwa7Ua27CUbXzDsdrdtYrzieQmffXrn2g2TPzlQJtV%2FL7stIYtJJCpCM5KKIUv3%2Btde%2BDOnXylL30jhE9AKUgZ1A5yf3rgHnMnKGqLlsmCC4w8KPD2VvkgKFq45xk1OOi9j5Txn0Kev19djj77co8Jk%2BSYKCtBhUEuPNCDxeCxIGd6qo3oVfW7vvnYAS%2Fr4LrpITkfkw8wsmTbGwi7W125sQpDY6hcgndZt2D1V7POiGxh1HQQNn%2FA%3D%3D\"; __rn_alert__=false; isg=BKmpgUnA1xS1JeugBGyQ0LsWuFUJfJdYNr97a0ueIxDPEskkk8ateJcg0LYkijXg; ctk=8a7805d960004aa882065ab4b64a586c; JSESSIONID=8L78OCuu1-OsSZwrr3lbG0ND5mZC-2Bg5poQ-Fey11; ubn=p; _umdata=0712F33290AB8A6D2F51D1947C083C3332B484DADB33BCED29F7B7623B3C26A7E76019A7B7A72823CD43AD3E795C914C1D554A27F9A3F22E4B47261CC49465EF; CNZZDATA1253659577=1391333957-1523366622-https%253A%252F%252Fsec.1688.com%252F%7C1523366622; _uab_collina=152336772938649228101852; _nk_=\"m4asmYeGjxI6sOlEpJKl9g%3D%3D\"; userIDNum=\"0P6uZwJyEGADBPJBu4sTUQ%3D%3D\"; _show_user_unbind_div_=b2b-3171416645e195_false; _show_sys_unbind_div_=b2b-3171416645e195_false; _show_force_unbind_div_=b2b-3171416645e195_false; _is_show_loginId_change_block_=b2b-3171416645e195_false; UM_distinctid=162afcac8d23d1-040f8e79989bdf-7b113d-100200-162afcac8d38ad; cna=lnLjEvVw02cCAa8A68mQnjyV; _cn_slid_=m7gY8jAMne; __last_loginid__=vaval520; last_mid=b2b-3171416645e195; userID=tC9zcMaZgqTCntghUcWQ2Lkuy3eTcGsACddB%2B6UcId06sOlEpJKl9g%3D%3D; login=kFeyVBJLQQI%3D; _csrf_token=1523367713981; cn_tmp=\"Z28mC+GqtZ22J5KrE6Wr84EhYX5DyZw15N2MR+SVpRq3mKKJSCafdYPSh8GYCbjneTBNMNFFNhh23z0hch0ySJlAc6hW9D/M+aYbKYbh43N1CoESYEw6gUi68uenXQmnGsoUtdp2z7+NFv5Qs3a7BDcaLVymA6PerXuItJodQQdSVeZFUDQ3MWcoxvuelAMXy1LbQWu67J4pTfwgYBMLBeq1Xr/CxIB0uz7ivAYgqNY2GY/3oFOUqoxKE+CD2o2F\"; tbsnid=zZFNJf5nljdMeZs9aqsJDRXfpJpLsOYQLMgAEsVam8w6sOlEpJKl9g%3D%3D; unb=317141664; LoginUmid=JrvY3xndp9guphEH4lhfUV4vJKH0KdKd7AxYnHCFn%2Fcyp8JBi5lr6w%3D%3D; ali_apache_tracktmp=c_w_signed=Y; ali_apache_track=c_mid=b2b-3171416645e195|c_lid=vaval520|c_ms=1; __cn_logon_id__=vaval520; __cn_logon__=true; csg=a3e6e1d2; sg=04c; _tb_token_=f5e183e4ee9e4; t=4582598471f6a9352b0afa51a7074eaa; hng=CN%7Czh-CN%7CCNY%7C156; cookie17=UNGR74HjiP6W; cookie2=28871ebdb1667b596218a2c5678846cf; cookie1=W8mBv38jH3RCy8aVpLqMRt4aixsTeom3v8hPNUS3zSE%3D;', null, '2018-04-10 13:55:12');
INSERT INTO `T_U_CONFIG` VALUES ('2', 'cookie.1688.xtafdms_7', '_tmp_ck_0=\"adOSFLu1f2Sxnz7bwKSewszeMIyFRmLcnmS%2B%2F5JunY7e44nj%2Bl2hFRyruvLkexmHFp4sLBGBAasOWZeqlXPvY06F%2FHny0GDsKBgN3r4C7EKL8tYVrmzr2Xh3REajzu9J4u1p2BwCKeEs8rLe8bL%2FiCRM3wtapcAGnPIbXfB1r1yReEx11Yrl2hqCSRTr6kgLSlYDExryGaSTIvjLM9BA7%2FyZGgq9AonsnGZHY2UmtvcYYMcK9sASaVPaV3IqNyd6j%2B6HiaczH22gPZxokBvI5ueqDQT3sCCF8ZCzK8szeVGdCB5lAh4pYNtbutS1LAf7kPQp21DGty4upXDipEuqpXxPPPD8Q14ZM7VckLeNbwASv2VkAkzvQrdDiPpcl7aCHQviRti2n1BYPSQf0ZKsmN2hh9G8vIg6fSniULU4UnDFqQvBq%2F2efkXAX4egpgh4FyaWBG21vjL%2Bl0wXlLe4NNi6lCBVLiXMTTjHcrncxJQ8kemlArqGBE6KArGNCQH81%2BJpQwL8B4NzoM%2FBMW8CWQ%3D%3D\"; JSESSIONID=8L78mCuu1-zirYytgvha5VWAkas4-mYQ5VeQ-3tx; isg=AtracYkKVOmQ79vJh9gySNgrOYD8C17lGUPheeRWBW07V3-RwJkD9EbnUyyo; ad_prefer=\"2017/12/22 12:53:53\"; ali_ab=175.11.188.212.1504744342988.2; _ITBU_IS_FIRST_VISITED_=*xC-i2FvYMFkWOFkLvCRDMLPivgTT%3Apm0j498sqv%7C*xC-i2FvYMGcyvGkYvmRkvFIuxgTT%3Apm0jqc9g8r%7C*xC-i2FISvmxuvCvSMFliOFHYZQTT%3Apm0jqca2ei%7C*xC-i2FI4Omv4MGxbMC8bvCZCMNTT%3Apm0jqca89a%7C*xC-i2FILMCvyOmg0vmvuxDZiONTT%3Apm0jqcadh6%7C*xC-i2FIYvGHuMmgGvCvT%3Apm0jqcaqp0%7C*xC-i2FIyOmH4MGcLOFcT%3Apm0jqcaums%7C*xC-i2FIbvmx0MGvSMF8T%3Apm0jqcb16b%7C*xC-i2FvyvCHbMmN0Mmg0MLIYZQTT%3Apm0jqcb3v3%7Cqq133336898%3Apm0jqcbb5n%7C*xC-i2FIbvCNuMmkGvGNT%3Apm0jqcc4gf%7C*xC-i2FISOFgLvGHWOFvbxLxGvNTT%3Apm0jqd0efm; alicnweb=touch_tb_at%3D1513916349789%7Clastlogonid%3Dxtafdms_7%7Cshow_inter_tips%3Dfalse%7ChomeIdttS%3D83721183706561531529981286527768751922%7ChomeIdttSAction%3Dtrue; _umdata=70CF403AFFD707DF3BC891381BFB506999AA55DAB8AF8587D73EA78F7CF12CFC9FA743091F99F3B8CD43AD3E795C914CE0F013D97D8D00EEC434C24CF505F94E; CNZZDATA1253659577=30336037-1504740864-https%253A%252F%252Fsec.1688.com%252F%7C1513913881; __rn_alert__=false; userIDNum=\"4GEOHpGe7DUQOpLT0qVldw%3D%3D\"; alisw=swIs1200%3D1%7C; h_keys=\"%u7259%u5237#%u6d3b%u52a8%u8d60%u54c1%u5b9e%u7528#%u9ec4%u9152#%u5373%u58a8%u9ec4%u9152#%u5373%u58a8#%u9ec4%u660e%u80f6#%u98df%u7528%u725b%u80f6#%u725b%u80f6%u818f#%u725b%u80f6#%u725b%u80f6%u7cd5\"; ubn=p; CNZZDATA1261011362=1848754294-1504743814-%7C1513906309; __last_loginid__=xtafdms_7; last_mid=b2b-3230172872278c5; userID=\"fytWiohbm%2FUKL0cNhxLeu4mH7OQL3fB969qNC104F2I6sOlEpJKl9g%3D%3D\"; LoginUmid=\"Di%2BzlCpjaLqF8v3m2AhwEhQQJhOUtnF2rPCaMBy%2FF8BHKPcCw7TGng%3D%3D\"; tbsnid=HnDU22zsBaWhR9JppkoB8AHJEdHBIyOGRRLEhmihKJ46sOlEpJKl9g%3D%3D; _cn_slid_=bSVHdns5KT; cn_tmp=\"Z28mC+GqtZ1RGTpZCqG6h6M0i1YmrCa/qv9+uh/9qF5PKrn7Ah55pyfA4o3RYSWSGrDf/fglGxy2pBZWNZ+lPf3s+Sl06D+MM+il00zdHSgt3QlS4We2d78KWURJ+rbXabcRbujwZOviAw+skgFO+yub35C6Mop+C4ihm5mlCsFsw4cOe7VYFCFc4rP69T8arlIVozEyrLOddJ1HO8zGEa+MeOroOtXDYqtE1sf8GHWX/n+PWh5a2clnzCeFFN+orQY5HZo52sk=\"; __cn_logon_id__=xtafdms_7; __cn_logon__=true; _tb_token_=e133efb8ead37; t=fbdb8be1db8867b6e4209415c49df8dd; hng=CN%7Czh-CN%7CCNY%7C156; cookie2=2d14d9bfe2e49ecaaba013aa789dddd6; ali_apache_tracktmp=\"c_w_signed=Y\"; _csrf_token=1513910798628; CNZZDATA1260423553=1203568294-1513068149-https%253A%252F%252Fwww.baidu.com%252F%7C1513068149; ali_apache_track=\"c_ms=1|c_mt=3|c_mid=b2b-3230172872278c5|c_lid=xtafdms_7\"; CNZZDATA1253645563=160277781-1504786216-%7C1510723740; cna=/8c2EnCW10ECAa8LvNQfsz/3; _uab_collina=150474423844925702830717; __utmz=1.1507780460.1.1.utmcsr=(direct)|utmccn=(direct)|utmcmd=(none); __utma=1.904006775.1507780460.1507780460.1507780460.1; ali_beacon_id=175.11.189.66.1507780501166.019536.1; CNZZDATA30051151=cnzz_eid%3D191245428-1507779527-%26ntime%3D1507779527; _route_custom_recommend_=430181; Hm_lvt_4e7a30e249c1d36dfcbc4b48c4f9e5a2=1507780459; CNZZDATA1253488161=2006952259-1505027949-https%253A%252F%252Fwww.baidu.com%252F%7C1505027949; CNZZDATA1000007521=1763329903-1504859314-https%253A%252F%252Fwww.baidu.com%252F%7C1504859314; UM_distinctid=15e59bee2826-03b764ae0e5f52-18104336-100200-15e59bee283102;', null, '2017-12-22 04:45:42');
INSERT INTO `T_U_CONFIG` VALUES ('2', 'cookie.pdd.134863', 'PASS_ID=1d626b0a06ff4f14aa0e2bab0048f88d_134863_182671; api_uid=rBQR71p/v/iVXzc4AwoSAg==; Hm_lvt_df3f672cabd7e98ed9defe423766f3f5=1517274223,1517275944,1517360132,1517380496;', '自己', '2018-04-27 11:56:56');
INSERT INTO `T_U_CONFIG` VALUES ('2', 'cookie.pdd.14500', 'PASS_ID=4a07f21345754bdb9c2533a1c1e4cf37; api_uid=rBQR31qMDtIDFB5uGQARAg==;', null, '2018-02-20 11:55:51');
INSERT INTO `T_U_CONFIG` VALUES ('2', 'cookie.pdd.153251', 'PASS_ID=52b05980f144420ab225d9e9d1b05908; api_uid=rBQR71p/v/iVXzc4AwoSAg==; Hm_lvt_df3f672cabd7e98ed9defe423766f3f5=1517274223,1517275944,1517360132,1517380496;', null, '2018-03-03 04:48:21');
INSERT INTO `T_U_CONFIG` VALUES ('2', 'cookie.pdd.25517', 'PASS_ID=0b1032b7302f4e28ab3fef61b00ed672_25517_38863; api_uid=rBQR71q9f4YAJh5fC/i7Ag==;', '自己', '2018-04-27 07:53:50');
INSERT INTO `T_U_CONFIG` VALUES ('2', 'cookie.pdd.37918', 'PASS_ID=84f7ee58ff654a9883773cf2dcc70ff2; api_uid=rBQ5sVqaKlRvIVvhC9eBAg==;', null, '2018-03-03 04:48:31');
INSERT INTO `T_U_CONFIG` VALUES ('2', 'cookie.tb', 'ucn=center; cna=WkdPElWujXsCAdpom4msz6VC; isg=Alpa8Tx515-VHlsx_qza1BXSuQC8I3Jkhd4gemTT3u241_gRTBrmdbZl06wV; _mw_us_time_=1506415998473; lc=Vyh9mGdU%2BS0G%2BitV; cookie17=UUkO1%2BUjSm0%3D; _nk_=lotomer; _l_g_=Ug%3D%3D; tg=0; _cc_=U%2BGCWk%2F7og%3D%3D; publishItemObj=Ng%3D%3D; t=c2327001f758656fd2c3f42779c4ac0d; skt=d2ef52586c4dabe1; unb=21033285; log=lty=Ug%3D%3D; cookie1=B0f6ri8xg4roD4vBFBmCSQXrxkzx6H0qety5xCCPdyQ%3D; mt=np=&ci=87_1; sg=r5a; cookie2=16c2141f1eeec4e0865bba72d33b19a8; tracknick=lotomer; lgc=lotomer; uss=VT3s%2BIydIxTqjaepLkrJd0bvTt6BrwQ6XY4GOrK51V0BA4cQ0CSPsoKh3g%3D%3D; lid=lotomer; existShop=MTUwNjQxNTk5MA%3D%3D; uc3=sg2=VT3lixsJnbEoNc%2FIbVTKoV%2FdqTcyzOztIRO5H4PhmF0%3D&nk2=D8zkMR%2BE7g%3D%3D&id2=UUkO1%2BUjSm0%3D&vt3=F8dBzWk%2BTuAgpSw%2BEcc%3D&lg2=V32FPkk%2Fw0dUvg%3D%3D; uc1=cookie14=UoTcCfQknIeITw%3D%3D&lng=zh_CN&cookie16=VFC%2FuZ9az08KUQ56dCrZDlbNdA%3D%3D&existShop=false&cookie21=URm48syIYB3rzvI4Dim4&tag=10&cookie15=Vq8l%2BKCLz3%2F65A%3D%3D&pas=0; _umdata=7A3AC4BAEF2935C11E5E2F8C3398CC49618A000AE965643873DA0C558D77FC4D538BAB643119F39BCD43AD3E795C914C0F50302D8D7C5CB66FF6CD00A2A6FBB5; ubn=p; thw=cn; hng=CN%7Czh-cn%7CCNY; tmp0=U5bUdLtIvGpviR4vj3oT6aIoy4IvdEWbuWMNZVLHBzYCY6SAgP5exjVMZ9NhFY7v1%2FJnfdQJ4h5vahiPeMXohnigHWSFcTXU9%2Bz02HmBbHo%2Fc4eeCfb5u4GatlhRveyTtGvCFxESQrGDI%2BsEIinDlaLLlpDFKWPt5wfo9SzaCVx7tPsXTRPnVHl%2Be9%2BJGzPTsSXPxGy1dq1MRi%2Bv12CroQ%3D%3D; siv20=sq5nUMwOLYORQhx2JKnR7trH3qKL21d9MSPT2dEdEPigseSV6O8rMQISBr1ln6ri%2BAvKLSuRNf6k8KQXZUILEg%3D%3D; ivActionType=pc_reg_check; JSESSIONID=EF6YMZIUO2-E1JO8XR8OHUY62BS0P4U2-W34CKZ7J-X1VO; regtraceid=693c6d8031c748e2a18d32a16c2f3f46; regsc=c6d9c9c55ba80a2d8efbac613bcc945261858c47cffc9811e4f73eb7f81cf964; regsid=503589dd4bd52b6d9852502995a2cfd409d522f9; _uab_collina=150630218175896769932639; _tb_token_=33e334033e397; v=0;', null, '2017-09-26 08:48:17');
INSERT INTO `T_U_CONFIG` VALUES ('2', 'cookie.tb.2017龙腾虎跃888', 'isg=BIOD9D1s3UxUSZG7b7VVrQIuAEcn8h3KjhDxwLVg2-JbdKOWPcinimHm6gQ6VG8y; ucn=center; uc1=cart_m=0&cookie14=UoTePlIIzjOWjw%3D%3D&lng=zh_CN&cookie16=W5iHLLyFPlMGbLDwA%2BdvAGZqLg%3D%3D&existShop=false&cookie21=Vq8l%2BKCLiYYu&tag=8&cookie15=UtASsssmOIJ0bQ%3D%3D&pas=0; JSESSIONID=900057C142CE1ED25D182E9ED956E121; ubn=p; _umdata=6DF8A7CF5CA7BAC2F314E24C550DF3FF1C11F332DEBC9433D26046DE5A4BB469483C7165B9EADDACCD43AD3E795C914C2A03B6D7BE930EBDE491455D322CD6AD; mt=ci=10_1; _tb_token_=7ee63f733d5ee; enc=5jVBtoizo8CHOi%2B%2BnFzrIY5Z%2B%2FYIE%2B7quG7E3WS14H5JxdWRgD5qicjy2ODNfLeT0EC0OdOInxdTlSe3wsI4cg%3D%3D; lc=VygvwL%2F%2FamoPvRoKUazZMWxYuBE%3D; cookie17=UNN%2Bw%2BBpXOJkLw%3D%3D; _nk_=2017%5Cu9F99%5Cu817E%5Cu864E%5Cu8DC3888; _l_g_=Ug%3D%3D; tg=0; _cc_=U%2BGCWk%2F7og%3D%3D; t=989542d7513c165ee42d875af8d1ef72; skt=0bee46a2f576a71b; unb=3335745202; log=lty=Vw%3D%3D; cookie1=BxE3uU8h9zrS%2FloF6KSovQhh7wIzKLleCclBNRvUSv4%3D; csg=d2fda2a2; sg=827; cookie2=17fe06a4f5fbe72cf0df70702c233fa6; dnk=2017%E9%BE%99%E8%85%BE%E8%99%8E%E8%B7%83888; tracknick=2017%5Cu9F99%5Cu817E%5Cu864E%5Cu8DC3888; lgc=2017%5Cu9F99%5Cu817E%5Cu864E%5Cu8DC3888; lid=2017%E9%BE%99%E8%85%BE%E8%99%8E%E8%B7%83888; existShop=MTUyMDgzMzQ2Nw%3D%3D; uc3=nk2=UUjQn1xgv7b9dLIsw4lH&id2=UNN%2Bw%2BBpXOJkLw%3D%3D&vt3=F8dBz4W927RpXxXEs%2Bc%3D&lg2=W5iHLLyFOGW7aA%3D%3D; v=0; hng=CN%7Czh-CN%7CCNY%7C156; _mw_us_time_=1520833001941; _med=dw:1366&dh:768&pw:1366&ph:768&ist:0; x5sec=7b22627579323b31223a22356161363066326335613861356531376661306663326238306663316462356462373962623266636137366639643261227d; _m_h5_tk_enc=753794dd88df3d62969189612b57e6e3; _m_h5_tk=dacbf295542d998b6015426a547246a2_1520834623519; ets=56b981b6ba37f01fc9a256e7de533c6a; _uab_collina=152081492233193195141348; ctoken=q4hd6COE7DoaxeIX-Qa1qDBt; thw=cn; miid=710718506721928633; cna=JbgsEzF4uAgCAa8MEGfy4brS;', '自己', '2018-03-12 05:53:57');
INSERT INTO `T_U_CONFIG` VALUES ('2', 'cookie.tb.caihome1212', 'isg=AvX1oETZw7aWWCcKtKjdNRl2BHGleKNiwtaS2XcatGy7ThVAP8K5VAPM7B0h; ucn=unzbmix25g; ubn=p; uc1=cookie14=UoTde9ffn5D50Q%3D%3D&lng=zh_CN&cookie16=VFC%2FuZ9az08KUQ56dCrZDlbNdA%3D%3D&existShop=true&cookie21=UIHiLt3xTIkz&tag=8&cookie15=UIHiLt3xD8xYTw%3D%3D&pas=0; _m_h5_tk_enc=911163e0a5e5d2217b11939d87360bbc; _m_h5_tk=b084664520674975b82d541f91444d25_1510112303447; 3495489211_euacm_ac_rs_uid_=3495489211; 3495489211_euacm_ac_c_uid_=3495489211; _euacm_ac_l_uid_=3495489211; _euacm_ac_rs_sid_=397233248; _umdata=B2C05D6F0D50C4CA8F6A0BACE0B8EE2D874FF76503D265900DB4592018C4B4C1F8D6B30E65283E6FCD43AD3E795C914CDA149C06A482B7ED18DA198C136D2E15; _uab_collina=151010283810682432324258; JSESSIONID=EF6YXWXVO2-MNNPU3E8VJ5T57H8ZIDY1-FOD8FQ9J-X7LQ; XTrackerUser=1510107993736_JXUdmljO1CnjVEdG; XTrackerSession=1510107993731_t7IAKRJVWZ3IOtls; cna=YkGJErJ8MUECAa8A6KGZmnwx; _mw_us_time_=1510107629282; mt=ci=0_1; l=Ar29T/tDl00N1PRA8LOzxsOhTRO2uvGs; lc=Vyh4QYCHsQIwpppAwM%2Frgg%3D%3D; cookie17=UNQ%2BpbUl41IGUg%3D%3D; _nk_=caihome1212; _l_g_=Ug%3D%3D; tg=5; _cc_=W5iHLLyFfA%3D%3D; t=f61f72a8e87b55f8a11469cae6131034; skt=56b5552b6832554c; unb=3495489211; log=lty=Tmc%3D; cookie1=BqtY9cWHoPsPiCjAEBSUfApgdXRVALGL7J4F2I73hGQ%3D; sg=212; cookie2=168a494b43761be0f1c107fb4c623285; tracknick=caihome1212; lgc=caihome1212; uss=Vyh4QoHtoWx4fvCqJzXkoESTBfqaGZplATfa6EUl58KmoNs1xPPdg3LRJg%3D%3D; lid=caihome1212; existShop=MTUxMDEwOTM4NA%3D%3D; uc3=sg2=VTtBp4xEb9giWS%2FI1m57URzW1FwlAlrIaDneej1SAWs%3D&nk2=AHt0Z8eFm9E%2BsGo%3D&id2=UNQ%2BpbUl41IGUg%3D%3D&vt3=F8dBzLKAoOJ0ucGQGrk%3D&lg2=VT5L2FSpMGV7TQ%3D%3D; tmp0=OPR7LDJLTGDCOdz%2FOyE413Yxhlxh1ry0Lvmp8IpKror4Uq1E3tKGLWy1HZN%2BQ2UwwBtMAMoM%2BDymGAR9FYhJjE2uswAN35Cm%2B0txacEMofqAEZAaIHsrRvYyefCxP5oQoB2TituIHnNOKEAvIzz%2Bxh7pZyqSH9gGCaKAT5vcpaIfbow7mk5zJLHPIFEC0eK77H%2BQOxsLRj3nGYdwNJRfTg%3D%3D; siv20=sq5nUMwOLYORQhx2JKnR7lfVtRM%2Fs3RkS0S8rc%2BlzJkYYkEoCTZI2PF666ir6Y65Ylu1xtqH0mQMQ%2FamDwNRcA%3D%3D; ivActionType=pc_login_check; v=0; hng=CN%7Czh-CN%7CCNY%7C156; _tb_token_=beb391e74535; ets=5e6e8bb49667df28c76b08c8df89f122; _med=dw:1366&dh:768&pw:1366&ph:768&ist:0; EGG_SESS=0CxDgBSoRpJJ6Mlz8SOYFTfwhyi5HzTXxnotmvtipcz8kWbVK1jJZUXirCBpd9juPVdScqinbQwwL3H0H_7MIL_ND9u1wkMdfZYOK_hYwmnFPx_O15KRp_-8rSw37w__4Hjz2aJzjV1XkmRYxrIigog0GbOrG7j_u3WqYqeRuy1VJuiaQZoDzHdC4jtk0quLAL68-IYkLqo5TDkH4diAAQ==; ctoken=crxptO7xALwxxDKg39wziceland; thw=cn; miid=53932509366838347;', null, '2017-11-08 03:02:17');
INSERT INTO `T_U_CONFIG` VALUES ('2', 'cookie.tb.gao20180321', 'isg=BGBg3Rx-LnJaipIa9f5udtevI244Y07DOdEymdpxK3sO1QD_gnkUwzbHaX3V4_wL; JSESSIONID=889A3CCD1805494109E21873A55E6A38; ucn=center; mt=ci=0_1; uc1=cookie16=U%2BGCWk%2F74Mx5tgzv3dWpnhjPaQ%3D%3D&cookie21=Vq8l%2BKCLiYYu&cookie15=Vq8l%2BKCLz3%2F65A%3D%3D&existShop=false&pas=0&cookie14=UoTePTPIWz8d3Q%3D%3D&cart_m=0&tag=8&lng=zh_CN; ubn=p; cookieCheck=49354; _umdata=A7C08C2AED28C729AFBAA55967ED4DCB3617AAC9003F89F7F76645055463AAC7AD3DEB00A21E0C4DCD43AD3E795C914C814F8377D8762070DFC6E850244DC071; _tb_token_=edfa7bd538d6a; _m_h5_tk_enc=ad23e04ab0710fdba3a1ee1a84fcabaf; _m_h5_tk=315ead181baa1ac47909e5960e0240e9_1523700590913; enc=A30TfrNq7oVhEVV%2Fh2wiMqlOGO6Zs4D4Gv1%2B%2Bx3EU380VaGVJFuH2GalTiOlGIX%2FMs0eOJLXnKUkpFqZLvgdoA%3D%3D; lc=VygpDNY4nG4IzrPnpgczmA%3D%3D; cookie17=UNiC7WL%2BihiuMw%3D%3D; _nk_=gao20180321; _l_g_=Ug%3D%3D; tg=4; _cc_=VT5L2FSpdA%3D%3D; t=ac2115fee26b5ab885bc6eff6e05f222; skt=a5be53246f49fb3d; unb=3865963248; log=lty=Tmc%3D; cookie1=U7kAYnHw792RNBXvx%2FetTEiAU3sI3xP4I0una6BZWoU%3D; csg=85cc7519; sg=182; cookie2=134b6ec46e0d14f0f5df034a88b9a9c2; dnk=gao20180321; tracknick=gao20180321; lgc=gao20180321; lid=gao20180321; existShop=MTUyMzY5ODQ0Nw%3D%3D; uc3=nk2=BJfh22LlNjUapK0%3D&id2=UNiC7WL%2BihiuMw%3D%3D&vt3=F8dBz4D6JuGf%2FyJoV0w%3D&lg2=UtASsssmOIJ0bQ%3D%3D; _mw_us_time_=1523697031941; publishItemObj=Ng%3D%3D; _med=dw:1366&dh:768&pw:1366&ph:768&ist:0; ctoken=RyfG_UX3ER6HIiT-d3eQp1Io; ets=bec1d47ace1093e770e801e29e5342c6; v=0; _uab_collina=152236888614575819867483; uc2=wuf=https%3A%2F%2Ftrade.tmall.com%2Fdetail%2ForderDetail.htm%3Fspm%3Da1z09.2.0.0.434a2e8db3Gh03%26bizOrderId%3D147189167235038532; did=21033285; x=e%3D1%26p%3D*%26s%3D0%26c%3D0%26f%3D0%26g%3D0%26t%3D0; hng=CN%7Czh-CN%7CCNY%7C156; pnm_cku822=098%23E1hv%2FvvUvbpvUpCkvvvvvjiPPFqpzjDPPsSylj3mPmPhQjYURLFyzjlhP2Fh0jYVPpGCvvpvvPMMvphvC9vhvvCvpvyCvhQUpevvC0Er1n3l5dUf8cxrD70Oe3lv%2BExrQ8TJEcqhsjxr%2Bul1Bzxl%2B87JecBHsb2XSfpAOH2%2BFOcn%2B3C1p%2FFEDaVTRogRD7zU68TJuphvmvvv92hToD%2BWkphvC99vvOClpdyCvm9vvvvGphvvvvvv9krvpv93vvmm86Cv2vvvvUUdphvUOQvv9krvpv93RphvCvvvvvm5vpvhvvmv99%3D%3D; thw=cn; miid=7355815671832263743; cna=mm1EE/lNqyQCAa8ME6fBSVK9;', null, '2018-04-14 09:41:13');
INSERT INTO `T_U_CONFIG` VALUES ('2', 'cookie.tb.gaolanying77', 'isg=BGxsusfHGoRVNg65rloD0tKDL0qULxo_zVWOPcatepe60Qzb7jXgX2Jj9Znp4kgn; ucn=center; uc1=cookie14=UoTePMWneni%2FGw%3D%3D&lng=zh_CN&cookie16=VFC%2FuZ9az08KUQ56dCrZDlbNdA%3D%3D&existShop=false&cookie21=U%2BGCWk%2F7pY%2FF&tag=8&cookie15=W5iHLLyFOGW7aA%3D%3D&pas=0; mt=ci=45_1; ubn=p; lc=VygoDrMdJi%2BHXS1S%2F%2BjrxBs%3D; cookie17=UUkO1%2BUgkrr8; _nk_=gaolanying77; _l_g_=Ug%3D%3D; tg=0; _cc_=VT5L2FSpdA%3D%3D; t=d24e5088e6e1324d885ed88e7978c1d6; skt=a15a758ca36292ca; unb=210331417; log=lty=Vw%3D%3D; cookie1=UNcOAPjnsnoFLAtcm2faqnkoHes7Avty3F5Wh3K58%2Fo%3D; csg=c431359f; sg=770; cookie2=14506726afa075df64efc7894a66e358; dnk=gaolanying77; tracknick=gaolanying77; lgc=gaolanying77; lid=gaolanying77; existShop=MTUyMjI0MzM5Mw%3D%3D; uc3=nk2=BJfhhRTG02vIXJHD&id2=UUkO1%2BUgkrr8&vt3=F8dBz4KLWTl4kT7dQ%2B0%3D&lg2=URm48syIIVrSKA%3D%3D; _umdata=B2C05D6F0D50C4CAB13D94C525D89A9348662A8D3873F68B726C16C1422DE7F9012DDC459826DDB2CD43AD3E795C914C838DE117B85DC50524C423EFE8B5BFE2; v=0; hng=CN%7Czh-CN%7CCNY%7C156; JSESSIONID=27E7EDD048C7F4E25FF26D2B88EC4CF9; _mw_us_time_=1522241696979; _tb_token_=e78175eb75e33; _med=dw:1366&dh:768&pw:1366&ph:768&ist:0; _m_h5_tk_enc=3e188def2e2c04a7fcf88cf578bddd45; _m_h5_tk=756cdaea2f850a006a002bb4c150fa03_1522243729638; ets=3209551a284cb732c0bbc34e846de14c; rdc=R%2F60J6CnyPAUke8xLBxA5PB9CuRN3ToStHNqdv8vaok%3D; _uab_collina=152219499049952953325004; lastalitrackid=www.taobao.com; alitrackid=www.taobao.com; ctoken=T6f5Kdf-H4C-NiF41LUX89Pn; thw=cn; enc=t6A7dDxMVDIc0i4sxOyBAy3oNQeEKjwrfo%2Fzc3EdIA346T0wVR2aibNcnfid3yccbuPyo23qRO8wUW7GrX%2Fnig%3D%3D; miid=73279963146751850; cna=x8ZBE6T+Tg0CAXb6bVVGuhiH;', null, '2018-03-28 13:24:30');
INSERT INTO `T_U_CONFIG` VALUES ('2', 'cookie.tb.laner3751', 'miid=5511728832012890455; isg=AunpxMRilxUU6quhWC08cQcW-JVJvNcO9loefYveZVAPUglk0wbtuNdCYPk9; ucn=unzbyun; thw=cn; mt=ci=0_1; uc1=cookie16=UIHiLt3xCS3yM2h4eKHS9lpEOw%3D%3D&cookie21=Vq8l%2BKCLiYYu&cookie15=W5iHLLyFOGW7aA%3D%3D&existShop=false&pas=0&cookie14=UoTde953SABD6w%3D%3D&tag=8&lng=zh_CN; ubn=p; _mw_us_time_=1510843309493; lc=Vyh4EopSCoBvll5qQjA%3D; cookie17=UNQ0Ua0KHcQlMw%3D%3D; _nk_=laner3751; _l_g_=Ug%3D%3D; tg=4; _cc_=UIHiLt3xSw%3D%3D; t=88ba0b4da654782b5440810a55d5b9ec; skt=564a226a1edf60f9; unb=3435085293; log=lty=Vw%3D%3D; cookie1=AH5aQCKmrT84sqdvg5Ti2A4NGydXXLi7z2Shx5gnXMY%3D; sg=132; cookie2=102b407a89642360d4a484d6d9212ceb; tracknick=laner3751; lgc=laner3751; lid=laner3751; existShop=MTUxMDg0MzMwMg%3D%3D; uc3=nk2=D8Lii1uiRvSO&id2=UNQ0Ua0KHcQlMw%3D%3D&vt3=F8dBzLOVVPbF%2BAO4Lq8%3D&lg2=UtASsssmOIJ0bQ%3D%3D; _umdata=362D5EC38CCD3D1BFBF4209C09B2288722B19CFD661E91B0151530C8FE4B78FD2247C7E9799EEA25CD43AD3E795C914C6DAD31EAFDEB6574B59A0C466D883B04; cna=o5GUEu8AyEoCAa8A6tfeDJJI; _tb_token_=31b337f937be; v=0;', '自己', '2017-11-16 14:33:53');
INSERT INTO `T_U_CONFIG` VALUES ('2', 'cookie.tb.lotomer', 'isg=BPX1owWRw1DmDSe1mFWTAUKUFnGleKN0rLondncas2y7ThVAP8K5VAPMnBL4CcE8; ucn=center; _mw_us_time_=1524893132084; JSESSIONID=8F89D9609A0088CD08DAAD3BD281AC70; uc1=cookie16=VFC%2FuZ9az08KUQ56dCrZDlbNdA%3D%3D&cookie21=W5iHLLyFeYZ1WM9hVnmS&cookie15=VFC%2FuZ9ayeYq2g%3D%3D&existShop=false&pas=0&cookie14=UoTeOoBXLn%2FTww%3D%3D&tag=10&lng=zh_CN; ubn=p; _umdata=A7C08C2AED28C729AFBAA55967ED4DCB3617AAC9003F89F7F76645055463AAC7AD3DEB00A21E0C4DCD43AD3E795C914CE33D9DA64B056DED75A1280023DFECFE; _tb_token_=5d78be5eb77e; lc=VygqH9eJcG%2FAVTqe; cookie17=UUkO1%2BUjSm0%3D; _nk_=lotomer; _l_g_=Ug%3D%3D; tg=0; _cc_=UtASsssmfA%3D%3D; publishItemObj=Ng%3D%3D; t=ac2115fee26b5ab885bc6eff6e05f222; skt=fb21d7ae725503a6; unb=21033285; log=lty=Ug%3D%3D; cookie1=B0f6ri8xg4roD4vBFBmCSQXrxkzx6H0qety5xCCPdyQ%3D; mt=np=&ci=108_1; csg=e57bb426; sg=r5a; cookie2=16d46cd0fc82ac2fd4a87963f4286089; dnk=lotomer; tracknick=lotomer; lgc=lotomer; lid=lotomer; existShop=MTUyNDg5MDQxNg%3D%3D; uc3=nk2=D8zkMR%2BE7g%3D%3D&id2=UUkO1%2BUjSm0%3D&vt3=F8dBz4FUBZeipAfA6Ww%3D&lg2=UtASsssmOIJ0bQ%3D%3D; cookieCheck=60263; _med=dw:1366&dh:768&pw:1366&ph:768&ist:0; v=0; uc2=wuf=https%3A%2F%2Ftrade.tmall.com%2Fdetail%2ForderDetail.htm%3Fspm%3Da1z09.2.0.0.42b12e8dEIqB3j%26bizOrderId%3D137531296849038532; did=21033285; _m_user_unitinfo_=center; _m_h5_tk_enc=a78b288b78bdda72bb8cb3a57ce36955; _m_h5_tk=696199cc1326233c6f981585ade6075f_1524749553335; cna=mm1EE/lNqyQCAa8ME6fBSVK9; l=AkBAPnMhACFZtagHasFmkHbIkMQSySST; pnm_cku822=098%23E1hvSvvUvbpvUvCkvvvvvjiPPFFv6jYWRLdW0jD2PmPWQj1PR2LU6j1Pn2My6jYbiQhvChCvCCptvpvhphvvvvGCvvpvvPMMkphvCyEmmvo4eTyCvv3vpvoEfUGfHdyCvm3vpv23vvCvphCvHHyvvhU8phvZ7pvvp6nvpCBXvvCmeyCvHHyvvhU8mphvLhPN1QmFRAYVEvLvqbVQWlX9ZasIRfU6pLEw9E7rVB69Ecq9aB4AVAWaUExrV4t%2BmB%2Bu6j7J%2B3%2BFjLVxfBAKNoOaWXxrV4tYmAYVyOvCvpvVphhvvvvv; _uab_collina=152236888614575819867483; x=e%3D1%26p%3D*%26s%3D0%26c%3D0%26f%3D0%26g%3D0%26t%3D0; enc=ULTF8Y77LJreW6d2rleoYaUbyRO%2BYrXlnKw4SgKXUZ81TBGwr3dZYSiw4PfmIQz66r9E0d0kOV%2BRprNOk5Oulg%3D%3D; hng=CN%7Czh-CN%7CCNY%7C156; thw=cn; miid=7355815671832263743;', '自己', '2018-04-28 05:25:48');
INSERT INTO `T_U_CONFIG` VALUES ('2', 'cookie.tb.mammon2008', 'isg=AkVFsJfus_w0g5SoOTRSmMpvRoF_AvmUinruGEeqDnyL3mRQD1NnZAO8nA3L; _mw_us_time_=1513654246040; ucn=unzbyun; mt=ci=3_1; uc1=cookie16=VFC%2FuZ9az08KUQ56dCrZDlbNdA%3D%3D&cookie21=VFC%2FuZ9ainBZ&cookie15=VT5L2FSpMGV7TQ%3D%3D&existShop=false&pas=0&cookie14=UoTdeAujYHk4nA%3D%3D&tag=8&lng=zh_CN; ubn=p; lc=Vyh6h%2FkWEbJ4t2HC%2F5gW; cookie17=W8rr67l3IOk%3D; _nk_=mammon2008; _l_g_=Ug%3D%3D; tg=0; _cc_=U%2BGCWk%2F7og%3D%3D; t=fbdb8be1db8867b6e4209415c49df8dd; skt=8533a443b6286ac1; unb=83319129; log=lty=Ug%3D%3D; cookie1=U%2BbOG8zx%2FDnNxPsEg%2B6vTV21ouq%2Fhuwr2OeTHmjM8Q8%3D; sg=898; cookie2=317bbb61a666e9f258252e675a273b8d; tracknick=mammon2008; lgc=mammon2008; uss=Vyh4TjycWeUX4p27zv940URJRZ9gwljqsGBeskBSXzXFeifiPQzHq%2BEl0Q%3D%3D; lid=mammon2008; existShop=MTUxMzY1NDIzNw%3D%3D; uc3=sg2=UteHAcEzHaXp2CIZqIbuxlOpgRq4lzIr92a41oC3c58%3D&nk2=DlGry6C4X9bOiw%3D%3D&id2=W8rr67l3IOk%3D&vt3=F8dBzLbRznYLKF%2B165Q%3D&lg2=UtASsssmOIJ0bQ%3D%3D; _umdata=70CF403AFFD707DF3BC891381BFB506999AA55DAB8AF8587D73EA78F7CF12CFC9FA743091F99F3B8CD43AD3E795C914CFEE81562A5012F85B73899CC431BBD6D; v=0; hng=CN%7Czh-CN%7CCNY%7C156; _tb_token_=e55ee7079ddeb; _uab_collina=150474301527283835756146; pnm_cku822=; _m_h5_tk_enc=27ab3cc7cec7ebdcceea87eb31e172ea; _m_h5_tk=17d04f4dce6cc791f4e34e1b1194888f_1513495803084; did=3230172872; CNZZDATA1000004168=250804250-1511579663-https%253A%252F%252Fi.taobao.com%252F%7C1511579663; UM_distinctid=15ff14d3a3e4bf-07ac6a7c8fe7c2-19174638-100200-15ff14d3a3f441; bid=8; l=AsjIpO52rVDejfmjAZkeKzodGDzaMix7; x=e%3D1%26p%3D*%26s%3D0%26c%3D0%26f%3D0%26g%3D0%26t%3D0%26__ll%3D-1%26_ato%3D0; _med=dw:1366&dh:768&pw:1366&ph:768&ist:0; cna=/8c2EnCW10ECAa8LvNQfsz/3; cq=ccp%3D1; _st_=140t.b6cpj6co; _su_=a_424ivcrg.t2wqaor; thw=cn; jc=shanghai; miid=1948097124524232754;', null, '2017-12-19 03:21:47');
INSERT INTO `T_U_CONFIG` VALUES ('2', 'cookie.tb.qing_tang', 'ucn=unzbmix25g; isg=Ar-_Qtfv2iLQ6d4-Iv-Oh-QXTpOJDBMwnAgIO1GNfm61YN7iWXVjlp8y1j9G; cna=gVBbEjkToHECAaspvQBHEfE2; uc1=cookie16=V32FPkk%2FxXMk5UvIbNtImtMfJQ%3D%3D&cookie21=U%2BGCWk%2F7owVBK2HhnrTZQQ%3D%3D&cookie15=V32FPkk%2Fw0dUvg%3D%3D&existShop=true&pas=0&cookie14=UoTcCD5bH3h9Qw%3D%3D&tag=10&lng=zh_CN&cym=1; ubn=p; _umdata=7A3AC4BAEF2935C19355054E31660721A3BC2828EB4AFD5C75CCA373E920E769382B4ADDB1702A87CD43AD3E795C914C36898075F1A4376B49BA301AB4B04760; _tb_token_=755463a657605; mt=ci=92_1; lc=Vyh%2BfdkZaluSBUhS3VQ%3D; cookie17=VvuGjk67A6Q%3D; _nk_=qing_tang; _l_g_=Ug%3D%3D; tg=0; _cc_=Vq8l%2BKCLiw%3D%3D; publishItemObj=Ng%3D%3D; t=b21ba30ecba030f368220c80e9c14ef7; skt=c316fc6f84df3655; unb=55095343; log=lty=Vw%3D%3D; cookie1=VFIbiulHJ6TQ0dmFpimpZWzUPtoIQV9S7vtndFCWprU%3D; sg=g3c; cookie2=197bb02381dce4d34b4d424779e0fd95; tracknick=qing_tang; lgc=qing_tang; lid=qing_tang; existShop=MTUwNzExODA3OQ%3D%3D; uc3=nk2=Evy%2FDamw2qaQ&id2=VvuGjk67A6Q%3D&vt3=F8dBzWk5JpaHJ6HKL%2B4%3D&lg2=Vq8l%2BKCLz3%2F65A%3D%3D; v=0; hng=CN%7Czh-cn%7CCNY; JSESSIONID=EF6YV3PUO2-F3POUI26OZXV0EBAD0VX1-4BK8JC8J-9CE91; _mw_us_time_=1507116785172; linezing_session=ILZIBrYNZa6MR5H4ghcpWIAk_1507116518791vG5u_5; _m_h5_tk_enc=937e0a98a62cc4f352df2ff8fa039899; _m_h5_tk=139ccd20891d93951d1866f60c6de0d5_1507118028843; _uab_collina=150709128206433021834107; _m_unitapi_v_=1501149379477; _m_user_unitinfo_=unit|unzbmix25g; ctoken=IwyK4YQKvy3Zjrq3DfwXiceland; l=Ap2dqjlnUInMOZTg0BOQ8DOULXOX9dEM; tmp0=XXDlKMKLOh5wsl4uZxwmaHfYPjvNxnDwPZqiMX1v43OWxuQoSANwMmnfrCi1YbOPmlNm8ojm2E%2BIXCXARYpFWG7pS7iDmvqPh6Y61o8QzvKC8zh9inqA2Aa9407zJyFhbj9ZA4Fwgcs527bQ%2FSu4Dp771cqgoyczJdjCXnCUu0C9xHx12AtRYfIWnrXA4vqXs%2Bqhec%2B1Kq5eEV7JX58olg%3D%3D; siv20=sq5nUMwOLYORQhx2JKnR7lfVtRM%2Fs3RkS0S8rc%2BlzJmBDnseocHD3sCplLkjmLUde%2FLM7vfSn2REYOq9dxLivQ%3D%3D; ivActionType=pc_login_check; miid=2109727549793650728; thw=cn;', null, '2017-10-04 11:57:05');
INSERT INTO `T_U_CONFIG` VALUES ('2', 'cookie.tb.tom2017713', 'isg=BBERT1rHL42qU0OYCspLoK1iMh2hdI8A8G6DqvOmClj1mjHsO86VwL_YOG58lB0o; ucn=center; lc=VygvxalPx2J1vJQsZQMA; cookie17=UNN%2F6l%2FBxJn8eA%3D%3D; _nk_=tom2017713; _l_g_=Ug%3D%3D; tg=0; _cc_=UtASsssmfA%3D%3D; t=6078ec0b4c76f2ab74ae41310a0d2967; skt=25870e6915049c4f; unb=3326525648; log=lty=Tmc%3D; cookie1=Aic42wBLx2m7ap%2BbkcMnuDs%2BSlXYSiDwGxQ4FJwzGWU%3D; mt=np=&ci=79_1; csg=05cf4cf3; sg=38d; cookie2=14c06edfc446b9829604da9637b857d0; dnk=tom2017713; tracknick=tom2017713; lgc=tom2017713; lid=tom2017713; existShop=MTUyMTMwMDk3Nw%3D%3D; uc3=nk2=F5mVASOLfZOiKQ%3D%3D&id2=UNN%2F6l%2FBxJn8eA%3D%3D&vt3=F8dBz4WxUyoHpGitCe4%3D&lg2=UtASsssmOIJ0bQ%3D%3D; uc1=cart_m=0&cookie14=UoTeP7vC1ktfEg%3D%3D&lng=zh_CN&cookie16=UtASsssmPlP%2Ff1IHDsDaPRu%2BPw%3D%3D&existShop=false&cookie21=VFC%2FuZ9aj3yE&tag=8&cookie15=WqG3DMC9VAQiUQ%3D%3D&pas=0; JSESSIONID=929EF0585423A7E19B3499042A7638AB; ubn=p; _mw_us_time_=1521298859634; _umdata=A7C08C2AED28C7293CE7056CD43D3C5C14F231412BEED90958550648507B0684D6DF71ADEE4812BFCD43AD3E795C914CBF957BF47BF63D69DE9089A2DF3B0331; _tb_token_=3efdee33be8e; publishItemObj=Ng%3D%3D; ets=fa12b1a76fd18fa41591ab233dffec51; _med=dw:1366&dh:768&pw:1366&ph:768&ist:0; _m_h5_tk_enc=e8cea305908cd77a33fe6b358e62cf3b; _m_h5_tk=ac514a10c155f43712de43e357cc139c_1521287476533; _uab_collina=152125269701609185070545; ctoken=5jSju2uRF7XtDGWS5u6IUoS1; thw=cn; hng=CN%7Czh-CN%7CCNY%7C156; enc=UhcJZnyYvFG9EJZ72wkFdqQQhCLMfl24VWyup1G2fsOlkBCKZEBD50ecte%2FCWJKJ7LVlSWx6HNtxaQ5QB8GFKg%3D%3D; miid=7177227371180623428; cna=nFczE2oQaBoCAXb6bL1GhVwa; v=0;', '自己', '2018-03-17 15:36:19');
INSERT INTO `T_U_CONFIG` VALUES ('2', 'cookie.tb.undefined', 'isg=BDU155UNgxR24ef1WJXTQQJURbHluOM0bPpntrda_6z7jlWAfwL5lEMM3FK4zgF8; v=0; uc1=cookie14=UoTeOo5aGpLN9w%3D%3D; ucn=center; _mw_us_time_=1524651487814; ubn=p; JSESSIONID=284578C3179A07EA070D327DFF502219; lc=VygpWrNRJw%2BcmJNr; tg=0; _cc_=UtASsssmfA%3D%3D; t=ac2115fee26b5ab885bc6eff6e05f222; log=lty=Tmc%3D; mt=np=&ci=107_1; cookie2=1aaf7056c65aedfe2a84d0f48811b35a; tracknick=lotomer; lgc=lotomer; lid=lotomer; uc3=nk2=D8zkMR%2BE7g%3D%3D&id2=UUkO1%2BUjSm0%3D&vt3=F8dBz4FS9lipaXb9ZRs%3D&lg2=VT5L2FSpMGV7TQ%3D%3D; _tb_token_=ebe111e38ef46; _umdata=A7C08C2AED28C729AFBAA55967ED4DCB3617AAC9003F89F7F76645055463AAC7AD3DEB00A21E0C4DCD43AD3E795C914CE33D9DA64B056DED75A1280023DFECFE; _m_h5_tk_enc=7805d3f77bbbc3d555467f55455a5b25; _m_h5_tk=4e123f80cc18be778c3c7d42df1386bf_1524644107307; cookieCheck=2189; ctoken=yFQwd650GFLE2mjXPLVw_Ktk; _med=dw:1366&dh:768&pw:1366&ph:768&ist:0; uc2=wuf=https%3A%2F%2Ftrade.tmall.com%2Fdetail%2ForderDetail.htm%3Fspm%3Da1z09.2.0.0.67002e8dgRYe7S%26bizOrderId%3D137531296849038532; did=21033285; cna=mm1EE/lNqyQCAa8ME6fBSVK9; l=AkBAPnMhACFZtagHasFmkHbIkMQSySST; pnm_cku822=098%23E1hvSvvUvbpvUvCkvvvvvjiPPFFv6jYWRLdW0jD2PmPWQj1PR2LU6j1Pn2My6jYbiQhvChCvCCptvpvhphvvvvGCvvpvvPMMkphvCyEmmvo4eTyCvv3vpvoEfUGfHdyCvm3vpv23vvCvphCvHHyvvhU8phvZ7pvvp6nvpCBXvvCmeyCvHHyvvhU8mphvLhPN1QmFRAYVEvLvqbVQWlX9ZasIRfU6pLEw9E7rVB69Ecq9aB4AVAWaUExrV4t%2BmB%2Bu6j7J%2B3%2BFjLVxfBAKNoOaWXxrV4tYmAYVyOvCvpvVphhvvvvv; _uab_collina=152236888614575819867483; x=e%3D1%26p%3D*%26s%3D0%26c%3D0%26f%3D0%26g%3D0%26t%3D0; enc=ULTF8Y77LJreW6d2rleoYaUbyRO%2BYrXlnKw4SgKXUZ81TBGwr3dZYSiw4PfmIQz66r9E0d0kOV%2BRprNOk5Oulg%3D%3D; hng=CN%7Czh-CN%7CCNY%7C156; thw=cn; miid=7355815671832263743;', null, '2018-04-25 10:18:32');
INSERT INTO `T_U_CONFIG` VALUES ('2', 'cookie.tb.vaval520', 'JSESSIONID=0162959FCC7D8162A5078828FCCA7AB1; isg=BCwseaz6WjM12U6fssonygBb_QpU79p_41xeBIZtOFd6kcybrvWgHyIjtVkpGQjn; ucn=unzbyun; _mw_us_time_=1523365625036; ubn=p; uc1=cookie14=UoTePTbBkfTuvA%3D%3D&lng=zh_CN&cookie16=URm48syIJ1yk0MX2J7mAAEhTuw%3D%3D&existShop=true&cookie21=VFC%2FuZ9aiKIc&tag=8&cookie15=UIHiLt3xD8xYTw%3D%3D&pas=0; lc=VygoWgDHXwISe7Y2nA%3D%3D; cookie17=UNGR74HjiP6W; _nk_=vaval520; _l_g_=Ug%3D%3D; tg=0; _cc_=VT5L2FSpdA%3D%3D; t=4582598471f6a9352b0afa51a7074eaa; skt=e724ce96b28d803e; unb=317141664; log=lty=Ug%3D%3D; cookie1=W8mBv38jH3RCy8aVpLqMRt4aixsTeom3v8hPNUS3zSE%3D; mt=np=&ci=25_1; csg=a3e6e1d2; sg=04c; cookie2=28871ebdb1667b596218a2c5678846cf; dnk=vaval520; tracknick=vaval520; lgc=vaval520; lid=vaval520; existShop=MTUyMzM2NTM1Nw%3D%3D; uc3=sg2=U7PE%2B1Qk06vYKTgoEx4bu4aaj4cbRUxgCLl55kOM0MY%3D&nk2=Fba4V%2FtxEGA%3D&id2=UNGR74HjiP6W&vt3=F8dBz4PAjd2H1uFCd%2Bs%3D&lg2=URm48syIIVrSKA%3D%3D; _umdata=0712F33290AB8A6D2F51D1947C083C3332B484DADB33BCED29F7B7623B3C26A7E76019A7B7A72823CD43AD3E795C914C44064D96DD73888D5BDA1427AF2AF9AB; cookieCheck=88418; _tb_token_=f5e183e4ee9e4; v=0; _uab_collina=152267969760862642795865; thw=cn; hng=CN%7Czh-CN%7CCNY%7C156; enc=jOX8s54z8uhlz5nXSZa%2F7j5YVb0TLxC%2BgCVKFnO8gL4iz5b9ykbrAFmGw8VFU6EmyUlbgL9vtuiti7SPRKLsug%3D%3D; cna=lnLjEvVw02cCAa8A68mQnjyV;', null, '2018-04-10 13:09:53');
INSERT INTO `T_U_CONFIG` VALUES ('2', 'cookie.tb.xtafdms_7', 'isg=BDc322pJIZjW5qYy93pgAmyJ1CtBVAs5LBy8IonkU4ZtOFd6kcybrvUaHphm0OPW; ucn=unzbyun; _mw_us_time_=1519780807615; lc=VyguQMjnpS7b1ydXeYs%3D; cookie17=UNJSvXSHNJUiLw%3D%3D; _nk_=xtafdms_7; _l_g_=Ug%3D%3D; tg=0; _cc_=Vq8l%2BKCLiw%3D%3D; t=fbdb8be1db8867b6e4209415c49df8dd; skt=ac4a98376d1a494c; unb=3230172872; log=lty=Vw%3D%3D; cookie1=VypX6prhgK%2Bv06SeSVtJ3uF7rlbUWZ%2FiDlYkQKPbZfs%3D; mt=np=&ci=1_1; csg=9a7bb78c; sg=726; cookie2=3d8b1e7be07acb69cb7458adc119c7db; dnk=xtafdms_7; tracknick=xtafdms_7; lgc=xtafdms_7; lid=xtafdms_7; existShop=MTUxOTc4MDgwNA%3D%3D; uc3=nk2=G5SxlmDRRTIs&id2=UNJSvXSHNJUiLw%3D%3D&vt3=F8dBz4TVDgthRFgPOlk%3D&lg2=VT5L2FSpMGV7TQ%3D%3D; uc1=cookie14=UoTdcpV64G1OOg%3D%3D&lng=zh_CN&cookie16=VFC%2FuZ9az08KUQ56dCrZDlbNdA%3D%3D&existShop=false&cookie21=UtASsssme%2BBq&tag=10&cookie15=URm48syIIVrSKA%3D%3D&pas=0; _umdata=70CF403AFFD707DF3BC891381BFB506999AA55DAB8AF8587D73EA78F7CF12CFC9FA743091F99F3B8CD43AD3E795C914CFEE81562A5012F85B73899CC431BBD6D; _tb_token_=3df5e10375396; v=0; _uab_collina=150474301527283835756146; pnm_cku822=098%23E1hv79vUvbpvUvCkvvvvvjiPPLLZAjEVnLzU0jnEPmPOtjlEnLsvAjinR2zOtjDWiQhvCvvv9UUtvpvhvvvvvvhCvvOvCvvvphmEvpvVmvvC9jxmuphvmvvv9b2Pi%2Bp3Kphv8vvvvm1vpvvvvvmm86CvmvUvvUUdphvWvvvv9krvpv3Fvvmm86CvmvUEvpCW2UEVvvwzafmxfXAKNB3r6jxrV8t%2Bm7zya70fd56OfwLva40OjLVxfaCl5F%2BSBiVvQbmAdcpiYExr08g7EcqyaNLpVii%2Bm7zhQj7JVvGCvvpvvPMM; bid=8; ubn=p; _m_h5_tk_enc=326165bd325c2c43181126eb7b5c478c; _m_h5_tk=9a4eed130a6e183496d7416718a285c4_1519357297885; hng=CN%7Czh-CN%7CCNY%7C156; CNZZDATA1000297732=234430912-1518511046-https%253A%252F%252Fmyseller.taobao.com%252F%7C1518511046; enc=bzEPI%2F9mWddMdK5X85OL7l5%2BNsXivC%2FWuX4WkTcP9imxlyhuSqKzsu0NoPDUaPdmkb1%2BchQHNGwXCnCM1aSEBw%3D%3D; did=83319129; x=e%3D1%26p%3D*%26s%3D0%26c%3D0%26f%3D0%26g%3D0%26t%3D0%26__ll%3D-1%26_ato%3D0; CNZZDATA1000004168=250804250-1511579663-https%253A%252F%252Fi.taobao.com%252F%7C1511579663; UM_distinctid=15ff14d3a3e4bf-07ac6a7c8fe7c2-19174638-100200-15ff14d3a3f441; l=AsjIpO52rVDejfmjAZkeKzodGDzaMix7; _med=dw:1366&dh:768&pw:1366&ph:768&ist:0; cna=/8c2EnCW10ECAa8LvNQfsz/3; cq=ccp%3D1; _st_=140t.b6cpj6co; _su_=a_424ivcrg.t2wqaor; thw=cn; jc=shanghai; miid=1948097124524232754;', null, '2018-02-28 01:09:44');
INSERT INTO `T_U_CONFIG` VALUES ('2', 'cookie.tb.大鱼3751', 'isg=Ar29SAEUu9HPIR-9S6YzM7KtzBm9UPtKSn5KgX8C-ZRDtt3oR6oBfItmFOUp; miid=5511746481129461640; _mw_us_time_=1510843420506; ucn=unzbyun; thw=cn; mt=ci=0_1; uc1=cookie16=UIHiLt3xCS3yM2h4eKHS9lpEOw%3D%3D&cookie21=URm48syIZx9a&cookie15=VFC%2FuZ9ayeYq2g%3D%3D&existShop=false&pas=0&cookie14=UoTde953SAdVMw%3D%3D&tag=8&lng=zh_CN; ubn=p; lc=Vyh4EoqKuEwpu9gctw%3D%3D; cookie17=UNQ0U2wzkUC5Bw%3D%3D; _nk_=%5Cu5927%5Cu9C7C3751; _l_g_=Ug%3D%3D; tg=4; _cc_=WqG3DMC9EA%3D%3D; t=a2a4eff7d46e98eb983c6c6805ba5d41; skt=7ba267af4876fe76; unb=3437421175; log=lty=Vw%3D%3D; cookie1=V37gIC5G14tqVpF6lAU8Yf%2BA4GHhfNBkL0bxSB24f24%3D; sg=152; cookie2=1f501f8c92aaa04cbf4a6038311fc10e; tracknick=%5Cu5927%5Cu9C7C3751; lgc=%5Cu5927%5Cu9C7C3751; lid=%E5%A4%A7%E9%B1%BC3751; existShop=MTUxMDg0MzQxNQ%3D%3D; uc3=nk2=1z8iJjVmayI%3D&id2=UNQ0U2wzkUC5Bw%3D%3D&vt3=F8dBzLOVVPbCbFIPBck%3D&lg2=UIHiLt3xD8xYTw%3D%3D; _umdata=A7C08C2AED28C729A0A61E79331208636FFDE14264305BB86E376D8EEE895E55251F852ED6584118CD43AD3E795C914C6DAD31EAFDEB65748329D31BD5F599AD; cna=FJKUEqPMy1UCAa8A6tf2do3k; _tb_token_=eb3e657e30ee; v=0;', null, '2017-11-16 14:35:38');
INSERT INTO `T_U_CONFIG` VALUES ('2', 'cookie.tb.我是tom20170923', 'isg=AqioB_KNZkY9VErCsa33H_7WeZaw2wY9X8X_XmLZ9CMWvUgnCuHcaz79wVqU; ucn=unsz; _tb_token_=73e5155e1de61; ubn=p; miid=5511718391712103961; _mw_us_time_=1510843245321; thw=cn; mt=ci=0_1; uc1=cookie16=VT5L2FSpNgq6fDudInPRgavC%2BQ%3D%3D&cookie21=VFC%2FuZ9aj3yE&cookie15=VT5L2FSpMGV7TQ%3D%3D&existShop=false&pas=0&cookie14=UoTde953SAHhhQ%3D%3D&tag=8&lng=zh_CN; lc=Vyh4EorwBF3K637iF6cI4yHxosM%3D; cookie17=UNQ0UahmyCmQmg%3D%3D; _nk_=%5Cu6211%5Cu662Ftom20170923; _l_g_=Ug%3D%3D; tg=4; _cc_=UtASsssmfA%3D%3D; t=1da956fbda3934e57cc931529454bda1; skt=95805432b5e8e1b1; unb=3435579042; log=lty=Vw%3D%3D; cookie1=W88faOERpZs9mOCRp1gmbmLLxDfk8nxX21F5mOIH%2FA8%3D; sg=32a; cookie2=1b39e6bc202469189a1dce12edc22641; tracknick=%5Cu6211%5Cu662Ftom20170923; lgc=%5Cu6211%5Cu662Ftom20170923; lid=%E6%88%91%E6%98%AFtom20170923; existShop=MTUxMDg0MzIzOQ%3D%3D; uc3=nk2=rUtEoUNmUw90WBzYJnWP&id2=UNQ0UahmyCmQmg%3D%3D&vt3=F8dBzLOVVPbE3pc7DLg%3D&lg2=URm48syIIVrSKA%3D%3D; _umdata=A2536513FEE3EA62B66D3953B4F3A9632698085F244FEDA9C41D9412B8F1AA80A7D38D18734A3306CD43AD3E795C914C6DAD31EAFDEB6574EFF392ED7A357869; cna=ZJGUEobabCACAa8A6tc718RG; v=0;', null, '2017-11-16 14:32:44');
INSERT INTO `T_U_CONFIG` VALUES ('2', 'cookie.tb.我是toms88', 'isg=BKqqAGdIhKLWDwi0G0w0cNG96RBGESSF_wMItzRjV_2IZ0ohHKt-hfC185P7sKYN; ucn=center; mt=ci=1_1; uc1=cookie16=UtASsssmPlP%2Ff1IHDsDaPRu%2BPw%3D%3D&cookie21=VT5L2FSpdiBh&cookie15=Vq8l%2BKCLz3%2F65A%3D%3D&existShop=false&pas=0&cookie14=UoTePTWzBXgonA%3D%3D&cart_m=0&tag=8&lng=zh_CN; ubn=p; _umdata=A7C08C2AED28C729AFBAA55967ED4DCB3617AAC9003F89F7F76645055463AAC7AD3DEB00A21E0C4DCD43AD3E795C914C814F8377D8762070DFC6E850244DC071; _tb_token_=39045e660e487; enc=6tzECSQcpvyrF206BtR0dyu9zmeTXWGUx2Rkmm2KqsNYNDrNYW3Ygp0dFzPPrRKHWUTclrwYt5kIX7kbOWtWsw%3D%3D; JSESSIONID=F01BE5AEAA0952614CBF4CE1CCC1B333; lc=VygoXulzZwkO5gDaAnzx; cookie17=UNJUsqCgt6VLcQ%3D%3D; _nk_=%5Cu6211%5Cu662Ftoms88; _l_g_=Ug%3D%3D; tg=0; _cc_=VFC%2FuZ9ajQ%3D%3D; t=ac2115fee26b5ab885bc6eff6e05f222; skt=fab5f64f50760aba; unb=3251814318; log=lty=Tmc%3D; cookie1=WqGtaEEOC7V9o%2BROxxrvPzmNE6x%2FablWR1ciEz%2BvTOI%3D; csg=37833ae1; sg=88a; cookie2=1aee3e4f3c097de5350c9bb6f7b1b489; dnk=%E6%88%91%E6%98%AFtoms88; tracknick=%5Cu6211%5Cu662Ftoms88; lgc=%5Cu6211%5Cu662Ftoms88; lid=%E6%88%91%E6%98%AFtoms88; existShop=MTUyMzAyNDcyMg%3D%3D; uc3=nk2=rUtEoUNmU064cA%3D%3D&id2=UNJUsqCgt6VLcQ%3D%3D&vt3=F8dBz4PPmB9RDzMbPJE%3D&lg2=UtASsssmOIJ0bQ%3D%3D; _mw_us_time_=1523024565499; publishItemObj=Ng%3D%3D; _m_h5_tk_enc=0dd8c20066701f975ca331b1457ddb99; _m_h5_tk=8db2f8b905f3bf7ed8a1603c50f094b3_1523019525135; _med=dw:1366&dh:768&pw:1366&ph:768&ist:0; ctoken=AV3vH3dGwl8JSUhkJitZzh2n; rdc=VRawwJNWaxDEVD%2BxJ3X5wfB9CuRN3ToStHNqdv8vaok%3D; _uab_collina=152236888614575819867483; v=0; x=e%3D1%26p%3D*%26s%3D0%26c%3D0%26f%3D0%26g%3D0%26t%3D0; uc2=wuf=https%3A%2F%2Ftrade.tmall.com%2Fdetail%2ForderDetail.htm%3Fbiz_order_id%3D130672864594038532%26forward_action%3D; did=21033285; pnm_cku822=098%23E1hv%2FvvUvbpvUpCkvvvvvjiPPFqpzjDPPsSylj3mPmPhQjYURLFyzjlhP2Fh0jYVPpGCvvpvvPMMvphvC9vhvvCvpvyCvhQUpevvC0Er1n3l5dUf8cxrD70Oe3lv%2BExrQ8TJEcqhsjxr%2Bul1Bzxl%2B87JecBHsb2XSfpAOH2%2BFOcn%2B3C1p%2FFEDaVTRogRD7zU68TJuphvmvvv92hToD%2BWkphvC99vvOClpdyCvm9vvvvGphvvvvvv9krvpv93vvmm86Cv2vvvvUUdphvUOQvv9krvpv93RphvCvvvvvm5vpvhvvmv99%3D%3D; hng=CN%7Czh-CN%7CCNY%7C156; thw=cn; miid=7355815671832263743; cna=mm1EE/lNqyQCAa8ME6fBSVK9;', '自己', '2018-04-06 14:36:49');
INSERT INTO `T_U_CONFIG` VALUES ('2', 'cookie.tb.蓝胡子的天空', 'isg=BExMGVT8egNDyG3T2JMrU3vAD6q-LfBLO-U3A6YNWfeaMew7zpXAv0KD1TkJeSiH; _mw_us_time_=1520230865101; ucn=unzbyun; lc=VyguFFpaSNWt77wuESAzCe4%3D; cookie17=VWsg5rrVe4rH; _nk_=%5Cu84DD%5Cu80E1%5Cu5B50%5Cu7684%5Cu5929%5Cu7A7A; _l_g_=Ug%3D%3D; tg=0; _cc_=UIHiLt3xSw%3D%3D; t=fbdb8be1db8867b6e4209415c49df8dd; skt=7881c989af398e7d; unb=648947532; log=lty=Ug%3D%3D; cookie1=Vv0gHWN5zJWd7d9RRWXn%2B4PQqmHqa85zYfL5cklT16w%3D; mt=np=&ci=1_1; csg=36db5c2d; sg=%E7%A9%BA25; cookie2=3a183012c613f905a6921d4097a93577; dnk=%E8%93%9D%E8%83%A1%E5%AD%90%E7%9A%84%E5%A4%A9%E7%A9%BA; tracknick=%5Cu84DD%5Cu80E1%5Cu5B50%5Cu7684%5Cu5929%5Cu7A7A; lgc=%5Cu84DD%5Cu80E1%5Cu5B50%5Cu7684%5Cu5929%5Cu7A7A; lid=%E8%93%9D%E8%83%A1%E5%AD%90%E7%9A%84%E5%A4%A9%E7%A9%BA; existShop=MTUyMDIzMDg2MA%3D%3D; uc3=nk2=o6sV25EH8jUmK3rr&id2=VWsg5rrVe4rH&vt3=F8dBz4TeNRSF89g9fJI%3D&lg2=VT5L2FSpMGV7TQ%3D%3D; uc1=cookie14=UoTePlheNFDH1g%3D%3D&lng=zh_CN&cookie16=VT5L2FSpNgq6fDudInPRgavC%2BQ%3D%3D&existShop=true&cookie21=UIHiLt3xSi%2BtvZI3po03ig%3D%3D&tag=8&cookie15=VFC%2FuZ9ayeYq2g%3D%3D&pas=0; _umdata=70CF403AFFD707DF3BC891381BFB506999AA55DAB8AF8587D73EA78F7CF12CFC9FA743091F99F3B8CD43AD3E795C914CFEE81562A5012F85B73899CC431BBD6D; _tb_token_=e3e5fbe011434; v=0; enc=xBxZInzI7Dh8UcPv9ZVJHGp2UJTwF6IqF3jw8gD8GJCWpmJPvSHkirKKueSmjDvaWJLRrCVCyspLCyfoJkXMow%3D%3D; _uab_collina=150474301527283835756146; pnm_cku822=098%23E1hv79vUvbpvUvCkvvvvvjiPPLLZAjEVnLzU0jnEPmPOtjlEnLsvAjinR2zOtjDWiQhvCvvv9UUtvpvhvvvvvvhCvvOvCvvvphmEvpvVmvvC9jxmuphvmvvv9b2Pi%2Bp3Kphv8vvvvm1vpvvvvvmm86CvmvUvvUUdphvWvvvv9krvpv3Fvvmm86CvmvUEvpCW2UEVvvwzafmxfXAKNB3r6jxrV8t%2Bm7zya70fd56OfwLva40OjLVxfaCl5F%2BSBiVvQbmAdcpiYExr08g7EcqyaNLpVii%2Bm7zhQj7JVvGCvvpvvPMM; bid=8; ubn=p; hng=CN%7Czh-CN%7CCNY%7C156; CNZZDATA1000297732=234430912-1518511046-https%253A%252F%252Fmyseller.taobao.com%252F%7C1518511046; did=83319129; x=e%3D1%26p%3D*%26s%3D0%26c%3D0%26f%3D0%26g%3D0%26t%3D0%26__ll%3D-1%26_ato%3D0; CNZZDATA1000004168=250804250-1511579663-https%253A%252F%252Fi.taobao.com%252F%7C1511579663; UM_distinctid=15ff14d3a3e4bf-07ac6a7c8fe7c2-19174638-100200-15ff14d3a3f441; l=AsjIpO52rVDejfmjAZkeKzodGDzaMix7; _med=dw:1366&dh:768&pw:1366&ph:768&ist:0; cna=/8c2EnCW10ECAa8LvNQfsz/3; cq=ccp%3D1; _st_=140t.b6cpj6co; _su_=a_424ivcrg.t2wqaor; thw=cn; jc=shanghai; miid=1948097124524232754;', null, '2018-03-05 06:21:05');
INSERT INTO `T_U_CONFIG` VALUES ('2', 'cookie.tm.gao20180321', 'isg=BGBg3Rx-LnJaipIa9f5udtevI244Y07DOdEymdpxK3sO1QD_gnkUwzbHaX3V4_wL; JSESSIONID=889A3CCD1805494109E21873A55E6A38; ucn=center; mt=ci=0_1; uc1=cookie16=U%2BGCWk%2F74Mx5tgzv3dWpnhjPaQ%3D%3D&cookie21=Vq8l%2BKCLiYYu&cookie15=Vq8l%2BKCLz3%2F65A%3D%3D&existShop=false&pas=0&cookie14=UoTePTPIWz8d3Q%3D%3D&cart_m=0&tag=8&lng=zh_CN; ubn=p; cookieCheck=49354; _umdata=A7C08C2AED28C729AFBAA55967ED4DCB3617AAC9003F89F7F76645055463AAC7AD3DEB00A21E0C4DCD43AD3E795C914C814F8377D8762070DFC6E850244DC071; _tb_token_=edfa7bd538d6a; _m_h5_tk_enc=ad23e04ab0710fdba3a1ee1a84fcabaf; _m_h5_tk=315ead181baa1ac47909e5960e0240e9_1523700590913; enc=A30TfrNq7oVhEVV%2Fh2wiMqlOGO6Zs4D4Gv1%2B%2Bx3EU380VaGVJFuH2GalTiOlGIX%2FMs0eOJLXnKUkpFqZLvgdoA%3D%3D; lc=VygpDNY4nG4IzrPnpgczmA%3D%3D; cookie17=UNiC7WL%2BihiuMw%3D%3D; _nk_=gao20180321; _l_g_=Ug%3D%3D; tg=4; _cc_=VT5L2FSpdA%3D%3D; t=ac2115fee26b5ab885bc6eff6e05f222; skt=a5be53246f49fb3d; unb=3865963248; log=lty=Tmc%3D; cookie1=U7kAYnHw792RNBXvx%2FetTEiAU3sI3xP4I0una6BZWoU%3D; csg=85cc7519; sg=182; cookie2=134b6ec46e0d14f0f5df034a88b9a9c2; dnk=gao20180321; tracknick=gao20180321; lgc=gao20180321; lid=gao20180321; existShop=MTUyMzY5ODQ0Nw%3D%3D; uc3=nk2=BJfh22LlNjUapK0%3D&id2=UNiC7WL%2BihiuMw%3D%3D&vt3=F8dBz4D6JuGf%2FyJoV0w%3D&lg2=UtASsssmOIJ0bQ%3D%3D; _mw_us_time_=1523697031941; publishItemObj=Ng%3D%3D; _med=dw:1366&dh:768&pw:1366&ph:768&ist:0; ctoken=RyfG_UX3ER6HIiT-d3eQp1Io; ets=bec1d47ace1093e770e801e29e5342c6; v=0; _uab_collina=152236888614575819867483; uc2=wuf=https%3A%2F%2Ftrade.tmall.com%2Fdetail%2ForderDetail.htm%3Fspm%3Da1z09.2.0.0.434a2e8db3Gh03%26bizOrderId%3D147189167235038532; did=21033285; x=e%3D1%26p%3D*%26s%3D0%26c%3D0%26f%3D0%26g%3D0%26t%3D0; hng=CN%7Czh-CN%7CCNY%7C156; pnm_cku822=098%23E1hv%2FvvUvbpvUpCkvvvvvjiPPFqpzjDPPsSylj3mPmPhQjYURLFyzjlhP2Fh0jYVPpGCvvpvvPMMvphvC9vhvvCvpvyCvhQUpevvC0Er1n3l5dUf8cxrD70Oe3lv%2BExrQ8TJEcqhsjxr%2Bul1Bzxl%2B87JecBHsb2XSfpAOH2%2BFOcn%2B3C1p%2FFEDaVTRogRD7zU68TJuphvmvvv92hToD%2BWkphvC99vvOClpdyCvm9vvvvGphvvvvvv9krvpv93vvmm86Cv2vvvvUUdphvUOQvv9krvpv93RphvCvvvvvm5vpvhvvmv99%3D%3D; thw=cn; miid=7355815671832263743; cna=mm1EE/lNqyQCAa8ME6fBSVK9;', null, '2018-04-14 09:41:13');
INSERT INTO `T_U_CONFIG` VALUES ('2', 'cookie.tm.lotomer', 'isg=BPX1owWRw1DmDSe1mFWTAUKUFnGleKN0rLondncas2y7ThVAP8K5VAPMnBL4CcE8; ucn=center; _mw_us_time_=1524893132084; JSESSIONID=8F89D9609A0088CD08DAAD3BD281AC70; uc1=cookie16=VFC%2FuZ9az08KUQ56dCrZDlbNdA%3D%3D&cookie21=W5iHLLyFeYZ1WM9hVnmS&cookie15=VFC%2FuZ9ayeYq2g%3D%3D&existShop=false&pas=0&cookie14=UoTeOoBXLn%2FTww%3D%3D&tag=10&lng=zh_CN; ubn=p; _umdata=A7C08C2AED28C729AFBAA55967ED4DCB3617AAC9003F89F7F76645055463AAC7AD3DEB00A21E0C4DCD43AD3E795C914CE33D9DA64B056DED75A1280023DFECFE; _tb_token_=5d78be5eb77e; lc=VygqH9eJcG%2FAVTqe; cookie17=UUkO1%2BUjSm0%3D; _nk_=lotomer; _l_g_=Ug%3D%3D; tg=0; _cc_=UtASsssmfA%3D%3D; publishItemObj=Ng%3D%3D; t=ac2115fee26b5ab885bc6eff6e05f222; skt=fb21d7ae725503a6; unb=21033285; log=lty=Ug%3D%3D; cookie1=B0f6ri8xg4roD4vBFBmCSQXrxkzx6H0qety5xCCPdyQ%3D; mt=np=&ci=108_1; csg=e57bb426; sg=r5a; cookie2=16d46cd0fc82ac2fd4a87963f4286089; dnk=lotomer; tracknick=lotomer; lgc=lotomer; lid=lotomer; existShop=MTUyNDg5MDQxNg%3D%3D; uc3=nk2=D8zkMR%2BE7g%3D%3D&id2=UUkO1%2BUjSm0%3D&vt3=F8dBz4FUBZeipAfA6Ww%3D&lg2=UtASsssmOIJ0bQ%3D%3D; cookieCheck=60263; _med=dw:1366&dh:768&pw:1366&ph:768&ist:0; v=0; uc2=wuf=https%3A%2F%2Ftrade.tmall.com%2Fdetail%2ForderDetail.htm%3Fspm%3Da1z09.2.0.0.42b12e8dEIqB3j%26bizOrderId%3D137531296849038532; did=21033285; _m_user_unitinfo_=center; _m_h5_tk_enc=a78b288b78bdda72bb8cb3a57ce36955; _m_h5_tk=696199cc1326233c6f981585ade6075f_1524749553335; cna=mm1EE/lNqyQCAa8ME6fBSVK9; l=AkBAPnMhACFZtagHasFmkHbIkMQSySST; pnm_cku822=098%23E1hvSvvUvbpvUvCkvvvvvjiPPFFv6jYWRLdW0jD2PmPWQj1PR2LU6j1Pn2My6jYbiQhvChCvCCptvpvhphvvvvGCvvpvvPMMkphvCyEmmvo4eTyCvv3vpvoEfUGfHdyCvm3vpv23vvCvphCvHHyvvhU8phvZ7pvvp6nvpCBXvvCmeyCvHHyvvhU8mphvLhPN1QmFRAYVEvLvqbVQWlX9ZasIRfU6pLEw9E7rVB69Ecq9aB4AVAWaUExrV4t%2BmB%2Bu6j7J%2B3%2BFjLVxfBAKNoOaWXxrV4tYmAYVyOvCvpvVphhvvvvv; _uab_collina=152236888614575819867483; x=e%3D1%26p%3D*%26s%3D0%26c%3D0%26f%3D0%26g%3D0%26t%3D0; enc=ULTF8Y77LJreW6d2rleoYaUbyRO%2BYrXlnKw4SgKXUZ81TBGwr3dZYSiw4PfmIQz66r9E0d0kOV%2BRprNOk5Oulg%3D%3D; hng=CN%7Czh-CN%7CCNY%7C156; thw=cn; miid=7355815671832263743;', null, '2018-04-28 05:25:48');
INSERT INTO `T_U_CONFIG` VALUES ('2', 'cookie.tm.undefined', 'isg=BDU155UNgxR24ef1WJXTQQJURbHluOM0bPpntrda_6z7jlWAfwL5lEMM3FK4zgF8; v=0; uc1=cookie14=UoTeOo5aGpLN9w%3D%3D; ucn=center; _mw_us_time_=1524651487814; ubn=p; JSESSIONID=284578C3179A07EA070D327DFF502219; lc=VygpWrNRJw%2BcmJNr; tg=0; _cc_=UtASsssmfA%3D%3D; t=ac2115fee26b5ab885bc6eff6e05f222; log=lty=Tmc%3D; mt=np=&ci=107_1; cookie2=1aaf7056c65aedfe2a84d0f48811b35a; tracknick=lotomer; lgc=lotomer; lid=lotomer; uc3=nk2=D8zkMR%2BE7g%3D%3D&id2=UUkO1%2BUjSm0%3D&vt3=F8dBz4FS9lipaXb9ZRs%3D&lg2=VT5L2FSpMGV7TQ%3D%3D; _tb_token_=ebe111e38ef46; _umdata=A7C08C2AED28C729AFBAA55967ED4DCB3617AAC9003F89F7F76645055463AAC7AD3DEB00A21E0C4DCD43AD3E795C914CE33D9DA64B056DED75A1280023DFECFE; _m_h5_tk_enc=7805d3f77bbbc3d555467f55455a5b25; _m_h5_tk=4e123f80cc18be778c3c7d42df1386bf_1524644107307; cookieCheck=2189; ctoken=yFQwd650GFLE2mjXPLVw_Ktk; _med=dw:1366&dh:768&pw:1366&ph:768&ist:0; uc2=wuf=https%3A%2F%2Ftrade.tmall.com%2Fdetail%2ForderDetail.htm%3Fspm%3Da1z09.2.0.0.67002e8dgRYe7S%26bizOrderId%3D137531296849038532; did=21033285; cna=mm1EE/lNqyQCAa8ME6fBSVK9; l=AkBAPnMhACFZtagHasFmkHbIkMQSySST; pnm_cku822=098%23E1hvSvvUvbpvUvCkvvvvvjiPPFFv6jYWRLdW0jD2PmPWQj1PR2LU6j1Pn2My6jYbiQhvChCvCCptvpvhphvvvvGCvvpvvPMMkphvCyEmmvo4eTyCvv3vpvoEfUGfHdyCvm3vpv23vvCvphCvHHyvvhU8phvZ7pvvp6nvpCBXvvCmeyCvHHyvvhU8mphvLhPN1QmFRAYVEvLvqbVQWlX9ZasIRfU6pLEw9E7rVB69Ecq9aB4AVAWaUExrV4t%2BmB%2Bu6j7J%2B3%2BFjLVxfBAKNoOaWXxrV4tYmAYVyOvCvpvVphhvvvvv; _uab_collina=152236888614575819867483; x=e%3D1%26p%3D*%26s%3D0%26c%3D0%26f%3D0%26g%3D0%26t%3D0; enc=ULTF8Y77LJreW6d2rleoYaUbyRO%2BYrXlnKw4SgKXUZ81TBGwr3dZYSiw4PfmIQz66r9E0d0kOV%2BRprNOk5Oulg%3D%3D; hng=CN%7Czh-CN%7CCNY%7C156; thw=cn; miid=7355815671832263743;', null, '2018-04-25 10:18:32');
INSERT INTO `T_U_CONFIG` VALUES ('2', 'mall.types', 'tb tm  1688', null, '2018-04-22 05:00:56');
INSERT INTO `T_U_CONFIG` VALUES ('2', 'message.to.wx.134863', '小龙@^@水和风的童话', '自己', '2018-03-30 07:31:59');
INSERT INTO `T_U_CONFIG` VALUES ('2', 'message.to.wx.25517', '小龙@^@水和风的童话', '自己', '2018-03-30 07:31:59');
INSERT INTO `T_U_CONFIG` VALUES ('2', 'PDD_MALL_IDS', '25517 134863', '自己', null);
INSERT INTO `T_U_CONFIG` VALUES ('3', 'cookie.pdd.153251', 'PASS_ID=cf37384f793d47bd8656177c0b9915a6_153251_205898; api_uid=rBQRvFqPlakMSicKBF7DAg==;', '姐姐', '2018-04-27 14:18:32');
INSERT INTO `T_U_CONFIG` VALUES ('3', 'cookie.pdd.37918', 'PASS_ID=9b8117456665455b911074aada35c4c0_37918_55556; api_uid=rBQR71qTeGCLAEpHBPNvAg==; Hm_lvt_df3f672cabd7e98ed9defe423766f3f5=1516164831,1516236184,1516322684,1517273760;', '姐姐', '2018-04-28 00:54:41');
INSERT INTO `T_U_CONFIG` VALUES ('3', 'cookie.tb.lotomer', 'ucn=unzbmix25g; thw=cn; mt=ci=87_1; uc1=cookie16=V32FPkk%2FxXMk5UvIbNtImtMfJQ%3D%3D&cookie21=UtASsssmeW6lpyd%2BB%2B3t&cookie15=U%2BGCWk%2F75gdr5Q%3D%3D&existShop=false&pas=0&cookie14=UoTcBzbGCoQpMQ%3D%3D&tag=10&lng=zh_CN; ubn=p; _mw_us_time_=1508935153196; cna=1XN3El3oeQgCAa8A6nnCW7em; lc=Vyh%2FbDWBgXOWdU3M; cookie17=UUkO1%2BUjSm0%3D; _nk_=lotomer; _l_g_=Ug%3D%3D; tg=0; _cc_=URm48syIZQ%3D%3D; publishItemObj=Ng%3D%3D; t=0f6cd90004b5b10825bba8af45147808; skt=076c9aea36e5a990; unb=21033285; log=lty=Ug%3D%3D; cookie1=B0f6ri8xg4roD4vBFBmCSQXrxkzx6H0qety5xCCPdyQ%3D; sg=r5a; cookie2=1d184aed1615655a7fc458db9cac76b2; tracknick=lotomer; lgc=lotomer; uss=WqGg0E64RGvpC%2F9sZTvqmYAuwyORzeCBYibuWnGjpvLWUUjlcC5iIq0oAg%3D%3D; lid=lotomer; existShop=MTUwODkzNTE0OQ%3D%3D; hng=CN%7Czh-cn%7CCNY; uc3=sg2=VT3lixsJnbEoNc%2FIbVTKoV%2FdqTcyzOztIRO5H4PhmF0%3D&nk2=D8zkMR%2BE7g%3D%3D&id2=UUkO1%2BUjSm0%3D&vt3=F8dBzLEyGiZBY5aYdTI%3D&lg2=VT5L2FSpMGV7TQ%3D%3D; _umdata=BA335E4DD2FD504F6B20295E6B46E65DDA5480A4EC81CCB103BFB95AE1057B9DE8B8A524629169B2CD43AD3E795C914C50CB1655CAA332D259D7C761C15E5171; _tb_token_=78653b1758fe5; v=0;', null, '2017-10-25 12:31:45');
INSERT INTO `T_U_CONFIG` VALUES ('3', 'cookie.tb.qing_tang', 'isg=BCMjFJiofe76rjHaXtiG2rF_oGdo8bdaOGDIflWAfwL5lEO23ehHqgHAimSaNA9S; _mw_us_time_=1524898632831; ucn=center; l=AnV1IqDFa2OmdTREVLp7-LAQBfsv8ikE; lc=VygqH9eU2ARPSkNgDog%3D; cookie17=VvuGjk67A6Q%3D; _nk_=qing_tang; _l_g_=Ug%3D%3D; tg=0; _cc_=V32FPkk%2Fhw%3D%3D; publishItemObj=Ng%3D%3D; t=e7db784e90a64d7a90546b5eb9c90279; skt=9dc4721417f0dd8f; unb=55095343; log=lty=Tmc%3D; cookie1=VFIbiulHJ6TQ0dmFpimpZWzUPtoIQV9S7vtndFCWprU%3D; mt=np=&ci=28_1; csg=5e36b999; sg=g3c; cookie2=16bb94d0da246d95bccc99a61264311e; dnk=qing_tang; tracknick=qing_tang; lgc=qing_tang; lid=qing_tang; existShop=MTUyNDg5ODYyOQ%3D%3D; uc3=sg2=AiAzSKIfgeg1dG%2FRTt4wJBDemr%2B8153XfyEDqQEHs5U%3D&nk2=Evy%2FDamw2qaQ&id2=VvuGjk67A6Q%3D&vt3=F8dBz4FUBKWd6KJsWXw%3D&lg2=WqG3DMC9VAQiUQ%3D%3D; uc1=cookie14=UoTeOoBXJMCBmA%3D%3D&lng=zh_CN&cookie16=Vq8l%2BKCLySLZMFWHxqs8fwqnEw%3D%3D&existShop=true&cym=1&cookie21=UtASsssmfaNq04qv29T9Jw%3D%3D&tag=10&cookie15=V32FPkk%2Fw0dUvg%3D%3D&pas=0; _umdata=55F3A8BFC9C50DDA243BF95FF7F899BBFD1E0795AEBBE4CC5623B7AB92827A3FEE92F02ABC214BDFCD43AD3E795C914CB410E20E7BC7E130DC839A429C5DF0B3; siv20=sq5nUMwOLYORQhx2JKnR7lfVtRM%2Fs3RkS0S8rc%2BlzJnp%2F8T50c0%2FY4nlacgT4w02yQlAQ0SmhnWdypXeHLLdiA%3D%3D; tmp0=CjeTRP%2FMhsEzWYPp%2FDx4GH3Q03U%2BBq%2FdvsWirAk%2BfGSAmJFTfj8q9il4W0NOg1J7B9kEZupFDjaQ8q9BnStn2tkTTl2rkgIwuCSGrTZ16DROgH2OmxQwEN3eE0swBgfP1bwSNSZczEQnCp0rpKBWlQ%3D%3D; ivActionType=pc_login_check; JSESSIONID=FF6Y6BRNR2-RPNUVHRFOB1B5VQD2OEY1-UDO91JGJ-LPU5; cookieCheck=93106; _tb_token_=5335e8e83d5; v=0; ubn=p; enc=zU3iEHmf1r5tFqBzutsoNbBbsgarQr9JXSDjg%2B1ed%2BLGOSkk6brG8tZAJjQsd9cLVpzdXnLzk2Ray9M1EGpJjA%3D%3D; pnm_cku822=098%23E1hvB9vUvbpvUvCkvvvvvjiPPFMpQjEjnLMw6jrCPmPwtjlRPFSvtjtUnLsOAjrURphvCvvvvvvCvpvVvvpvvhCvkphvC99vvOClpuyCvv9vvUv1GdK7RdyCvm9vvvvGphvvvvvv9krvpv93vvmm86Cv2vvvvUUdphvUOQvv9krvpv93mphvLC24zvvjfMsh1WoOVziPgWLv%2B2Kz8Z0vQRAn%2BbyDCwLWTWeARFxjKOmnfByOjoCrafmxdByaUUlrAWmKHkx%2Fsjc6k8UGH24QiNoxdXyPvpvhvv2MMTwCvvpvvUmm; _uab_collina=151279652765685224957462; did=55095343; CNZZDATA1253879788=1123367744-1520231000-null%7C1520231000; UM_distinctid=161f4d990ad4e2-041a1f2df2412e-19174638-100200-161f4d990ae52e; x=e%3D1%26p%3D*%26s%3D0%26c%3D0%26f%3D0%26g%3D0%26t%3D0%26__ll%3D-1%26_ato%3D0; miid=5828246721146971723; thw=cn; hng=CN%7Czh-CN%7CCNY%7C156; cna=UVuyEtUM1BYCAa8MUFBdhG2p;', '姐姐', '2018-04-28 06:57:11');
INSERT INTO `T_U_CONFIG` VALUES ('3', 'cookie.tb.undefined', 'isg=BL-_RYBS2Tt-793BMd5PElgdXJOJDBsv5DQkylGM1W6xYN7iWXDtl2wZpjCeOOu-; ucn=center; ubn=p; _umdata=55F3A8BFC9C50DDA243BF95FF7F899BBFD1E0795AEBBE4CC5623B7AB92827A3FEE92F02ABC214BDFCD43AD3E795C914CB410E20E7BC7E130DC839A429C5DF0B3; pnm_cku822=098%23E1hvHvvUvbpvUpCkvvvvvjiPPFs9sjYPP2LysjD2PmPh1jE8nL5vgjtnPLLhsjEjPTwCvvpvvUmm2QhvCPMMvvmtvpvIvvvvPhCvvvvvvUUdphvUUpvv9krvpvQvvvmm86CvmVWvvUUdphvUU4yCvv9vvUv17ElauOyCvvOUvvVvaZUEvpCWHbsovvaSIn2O1EK4w6cWs8oQr3wQBw03IWkZHk62QacnIBpX4Z7xfwBl5iX1cwe9sbvXHkx%2F1j7y%2Bb8rwos6rfFCrs3IpfmxfaAK59hCvvOvCvvvphvtvpvhvvvvvv%3D%3D; _uab_collina=151279652765685224957462; lc=VygpDzr59rBzkdYxVyE%3D; tg=0; _cc_=V32FPkk%2Fhw%3D%3D; t=e7db784e90a64d7a90546b5eb9c90279; log=lty=Ug%3D%3D; mt=np=&ci=13_1; tracknick=qing_tang; lgc=qing_tang; lid=qing_tang; uc3=sg2=AiAzSKIfgeg1dG%2FRTt4wJBDemr%2B8153XfyEDqQEHs5U%3D&nk2=Evy%2FDamw2qaQ&id2=VvuGjk67A6Q%3D&vt3=F8dBz4D43abskIQ%2BLdc%3D&lg2=W5iHLLyFOGW7aA%3D%3D; uc2=wuf=https%3A%2F%2Ftrade.tmall.com%2Fdetail%2ForderDetail.htm%3Fspm%3Da1z09.2.0.0.75532e8d0N5cH1%26bizOrderId%3D131345790049094353; did=55095343; CNZZDATA1253879788=1123367744-1520231000-null%7C1520231000; UM_distinctid=161f4d990ad4e2-041a1f2df2412e-19174638-100200-161f4d990ae52e; x=e%3D1%26p%3D*%26s%3D0%26c%3D0%26f%3D0%26g%3D0%26t%3D0%26__ll%3D-1%26_ato%3D0; enc=QDY2ogsJMIEQqYbFXhXj9BqSU%2FTPMEihtQCEpuo66IwvqXNC0nWKwLRkBpftqFos%2BimReTJdSf4hS0Lh6sAvBQ%3D%3D; l=Alpa9WhC/AJFXMs1p7PsnE/QKgp8d95l; miid=5828246721146971723; thw=cn; hng=CN%7Czh-CN%7CCNY%7C156; cna=UVuyEtUM1BYCAa8MUFBdhG2p;', null, '2018-04-11 02:50:43');
INSERT INTO `T_U_CONFIG` VALUES ('3', 'cookie.tb.帅宇哥的麻麻', 'isg=BJqaMW12lPrk-BhxnjDU4s_C-UC8yx6lWYOhuaQTRC34FzpRjFtutWBF4-OLx5Y9; ucn=unzbyun; lc=Vyh1kgcv%2FwPYNKDckCB2LbA%3D; cookie17=UNN4AGnpXTI%2B%2BA%3D%3D; _nk_=%5Cu5E05%5Cu5B87%5Cu54E5%5Cu7684%5Cu9EBB%5Cu9EBB; _l_g_=Ug%3D%3D; tg=0; _cc_=Vq8l%2BKCLiw%3D%3D; t=1f051d8c9ea6af31a74c816502c81a55; skt=51cf6a2f3c315ae5; unb=3356908248; log=lty=Tmc%3D; cookie1=BqFkOw1r6tSva0UcCOGnknN149YjWm5lOAMD1ddumEQ%3D; mt=np=&ci=16_1&cyk=-1_-1; sg=%E9%BA%BB88; cookie2=14c7909d12d0341eed65988f66e59a4c; tracknick=%5Cu5E05%5Cu5B87%5Cu54E5%5Cu7684%5Cu9EBB%5Cu9EBB; lgc=%5Cu5E05%5Cu5B87%5Cu54E5%5Cu7684%5Cu9EBB%5Cu9EBB; lid=%E5%B8%85%E5%AE%87%E5%93%A5%E7%9A%84%E9%BA%BB%E9%BA%BB; existShop=MTUxNzIzMjgzNg%3D%3D; uc3=sg2=AiAzSKIfgeg1dG%2FRTt4wJBDemr%2B8153XfyEDqQEHs5U%3D&nk2=qA%2F9GSx9OXX2L7dP&id2=UNN4AGnpXTI%2B%2BA%3D%3D&vt3=F8dBzLlskLDYAVd2p8o%3D&lg2=W5iHLLyFOGW7aA%3D%3D; uc1=cookie14=UoTdfDRS21AqbQ%3D%3D&lng=zh_CN&cookie16=UtASsssmPlP%2Ff1IHDsDaPRu%2BPw%3D%3D&existShop=false&cookie21=UIHiLt3xSalX&tag=8&cookie15=URm48syIIVrSKA%3D%3D&pas=0; ubn=p; _umdata=0823A424438F76ABBBD68D3DFEA8884F717433F10DE41899CE9834C33087A03B382D12213E0BBBB3CD43AD3E795C914CE781642A7B4BDB65262F7370B6356A1D; _tb_token_=51ee8e4ae853; pnm_cku822=098%23E1hvkQvUvbpvUvCkvvvvvjiPPLF9tjrEPF5vljrCPmPhgjlPR2q9gjtUP2Sw6jlUiQhvCvvv9UUPvpvhvv2MMQhCvvOvCvvvphmivpvUvvmvWP4UDO4EvpvVmvvC9jxmKphv8vvvv21vpvvvvvmm86CvmmhvvUUdphvWvvvv9krvpv3Fvvmm86CvmmhEvpCWChnuvvakfaClYb8rwoAgswV1r2iIoIky%2BE7reC69D7zpaBwtExRxAw0xHEB%2Bm7zpaNoAdch%2BK8eYiLwZOymy%2BExre8tYczjxQWQseLyCvvpvvvvv; JSESSIONID=90B79068E69349E838569043E83CB0AE; _mw_us_time_=1517232508833; publishItemObj=Ng%3D%3D; uc2=wuf=https%3A%2F%2Ftrade.tmall.com%2Fdetail%2ForderDetail.htm%3Fbiz_order_id%3D113153432067094353%26forward_action%3D; did=55095343; v=0; x=e%3D1%26p%3D*%26s%3D0%26c%3D0%26f%3D0%26g%3D0%26t%3D0%26__ll%3D-1%26_ato%3D0; _med=dw:1366&dh:768&pw:1366&ph:768&ist:0; _uab_collina=149943160490211185809218; l=AiAgmyFVsw25nUGredFGycHkcCTylgT0; enc=PK3kZnG4Iy%2Fwky3WV3doisY0kVmbLTtG7MUi%2BKG9B6fhR9hOdakSwNm4zmlXvTnjAiNRjQIGzRwBNCQbKlFbiA%3D%3D; cna=/RDmEXdAE0cCAXbO4lbHefKi; CNZZDATA1000004168=1429495716-1513088890-%7C1515404212; hng=CN%7Czh-CN%7CCNY%7C156; CNZZDATA30085748=cnzz_eid%3D2032935342-1512037287-https%253A%252F%252Fs.click.taobao.com%252F%26ntime%3D1512037287; thw=cn; miid=1581445381969371423;', null, '2018-01-29 13:30:23');
INSERT INTO `T_U_CONFIG` VALUES ('3', 'cookie.tb.熊大熊大大1212', 'isg=BHR0ojmNkjwp8Qaj9HYSkNUsVzIm5ZlSE70fiw7VAP-CeRTDNl1oxyo7_bGhgdCP; ucn=unzbyun; mt=ci=14_1&cyk=-1_-1; uc1=cookie16=WqG3DMC9UpAPBHGz5QBErFxlCA%3D%3D&cookie21=Vq8l%2BKCLjA%2Bl&cookie15=U%2BGCWk%2F75gdr5Q%3D%3D&existShop=false&pas=0&cookie14=UoTePlsNSclvOw%3D%3D&tag=8&lng=zh_CN; ubn=p; lc=VyguF8xdzKC6rCArrStw0zZ7ew%3D%3D; cookie17=UNJV1Hj9bmsW2g%3D%3D; _nk_=%5Cu718A%5Cu5927%5Cu718A%5Cu5927%5Cu59271212; _l_g_=Ug%3D%3D; tg=0; _cc_=W5iHLLyFfA%3D%3D; t=1f051d8c9ea6af31a74c816502c81a55; skt=2c6389f9418793ec; unb=3249959600; log=lty=Vw%3D%3D; cookie1=B0b5xT3j6WZo%2BYB4EBdFm04IqakI9v%2Fqv%2BZfDKFlV2M%3D; csg=3be87c88; sg=200; cookie2=15a40d5099b25df6b932619e5ce8c2f3; dnk=%E7%86%8A%E5%A4%A7%E7%86%8A%E5%A4%A7%E5%A4%A71212; tracknick=%5Cu718A%5Cu5927%5Cu718A%5Cu5927%5Cu59271212; lgc=%5Cu718A%5Cu5927%5Cu718A%5Cu5927%5Cu59271212; lid=%E7%86%8A%E5%A4%A7%E7%86%8A%E5%A4%A7%E5%A4%A71212; existShop=MTUyMDE0OTM4OA%3D%3D; uc3=nk2=s1QVg7QHUawNLS%2BgPIo%3D&id2=UNJV1Hj9bmsW2g%3D%3D&vt3=F8dBz4TRiR2OpHeczHA%3D&lg2=UtASsssmOIJ0bQ%3D%3D; _umdata=0823A424438F76ABBBD68D3DFEA8884F717433F10DE41899CE9834C33087A03B382D12213E0BBBB3CD43AD3E795C914CE781642A7B4BDB65262F7370B6356A1D; v=0; hng=CN%7Czh-CN%7CCNY%7C156; _tb_token_=fb03d3beaebba; _uab_collina=149943160490211185809218; pnm_cku822=098%23E1hv8vvUvbpvUvCkvvvvvjiPPLSw6j1hPLSWgjEUPmPpgjYbP2sUAjDERLFUgj1n2QhvCvvvMMGEvpCW9bQzn10Q%2Bu64d56OfwpOdi8XfvDrt8TJVEtYpExrVug7rj6OfJoK51QXw6fI6EQf5CO0747BhCka%2BoHoDOvXjLeAnhjEKBm653ilBbyCvm9vvhvgvvvvvvvvBBWvvvhyvvCHhQvv9pvvvhZLvvvCfvvvBBWvvvhykphvC9hvpyPZz8yCvv9vvhh99ZNDcvhCvvOv9hCvvvvtvpvhvvCvp8wCvvpvvhHh; _mw_us_time_=1520146311050; JSESSIONID=A9BC1B3D5B0E895A3D661FD54574C6E6; lastalitrackid=buyertrade.taobao.com; enc=xOZGbisFVrP4C2AUTxeqzXbvHksiRuT6YRiZEvdLWsfKasqnC5%2FyFFoI8liPPHSdGC9lvCslmxN1JBCtFNk0Iw%3D%3D; _m_user_unitinfo_=center; _m_h5_tk_enc=282b4929b8ecccb5db2d7aad83a92e4e; _m_h5_tk=ede8452c428a6a5bf7eb10150b469873_1520087742381; _m_unitapi_v_=1508566261407; whl=-1%260%260%261520084497541; x=e%3D1%26p%3D*%26s%3D0%26c%3D0%26f%3D0%26g%3D0%26t%3D0%26__ll%3D-1%26_ato%3D0; did=55095343; uc2=wuf=https%3A%2F%2Ftrade.tmall.com%2Fdetail%2ForderDetail.htm%3Fspm%3Da1z09.2.0.0.174d2e8dWEHIOV%26bizOrderId%3D121312215908094353; alitrackid=item.taobao.com; _med=dw:1366&dh:768&pw:1366&ph:768&ist:0; l=AiAgmyFVsw25nUGredFGycHkcCTylgT0; cna=/RDmEXdAE0cCAXbO4lbHefKi; thw=cn; miid=1581445381969371423;', null, '2018-03-04 07:43:12');
INSERT INTO `T_U_CONFIG` VALUES ('3', 'mall.types', 'tb tm 1688', null, '2018-04-22 05:01:02');
INSERT INTO `T_U_CONFIG` VALUES ('3', 'message.to.wx.153251', '龙妍', null, '2018-03-31 11:55:20');
INSERT INTO `T_U_CONFIG` VALUES ('3', 'message.to.wx.37918', '龙妍', null, '2018-03-31 11:55:22');
INSERT INTO `T_U_CONFIG` VALUES ('3', 'PDD_MALL_IDS', '37918 153251', '姐姐', null);
INSERT INTO `T_U_CONFIG` VALUES ('4', 'cookie.1688.我的宝贝们50', 'isg=BLS04stPUnmgmsXqzcwrbwepi3Imjdh3-rW7vE4VRT_CuVQDdp2oB2pfPfFhJxDP; _tmp_ck_0=\"GaMiJamc3gBTq7ZOXsquKjqvJN9qR9NovO5p7fIdyhJ6cjI4VBV57iEKDbWurPhZHObjJvADPy%2BhXBDntaLq7zEf%2FhIl1U4lL4i4ge118lWO1scCXQYhO29aXM0f%2BAQk9naq0CHs9p6TIWcvTro%2FeoWfZ3dPVsitYUL%2FPwFRD0RqNI7ks7wyP3PbnV%2FhQZU8tVnoWceGjOfbHLhaSjheu8uDHGFgb0aqho2R9I4fEZoOI6%2Bks8dchW4zX%2F9SPojv0F5eAyR3i8k9LpRrSB%2BeEZLv2JcKasNrE2eBhFIyk9XBpuqBTYRmag7PjjuHCUzTgIxa1fyBN1zTh2MB58maxhs34laATyiv%2B2PylVjuN3GzoTyZN2YBMpXTEV0JKVVnNCYUNP9PjGqftsE6HK6xtuVt2r%2FlQ2xDW%2BbfcjnhZ0hAT1rtd%2BLtjSV1%2BeCrJjW8KM8KVbDhUJwYXZVktUIKxgXYqotLVdu5M4oCKVOZGREnWc%2Fpp36OMSFXOl71%2F%2FuL89LNsCytEnSEXP3%2B35OFs1Ulcj0GJi4nuK2mWTPmV4U%3D\"; landingPage=home; _cn_slid_=7X%2B33PT%2BJs; __last_loginid__=%E6%88%91%E7%9A%84%E5%AE%9D%E8%B4%9D%E4%BB%AC50; last_mid=b2b-1620881235; userIDNum=VPxIMA3wX8y2T6MbhibPCA%3D%3D; _nk_=EK4%2FkrYlO0egpX4Y5Yb%2BBg%3D%3D; userID=W3nxe%2FwWimyh3UcXOsPqo%2BAym%2F0fB8Bqf7U8f%2FR4BuY6sOlEpJKl9g%3D%3D; login=kFeyVBJLQQI%3D; _csrf_token=1520331323269; cn_tmp=\"Z28mC+GqtZ3tQRkftYHc2W5/ykA3ZhyW6pOuhL7bGa2PHYrIJN/hxFAc/ywmhYwFqg/zbn0fW8WoI3ZxaDu52r4N4byuthdnfC0HKBh6yvDfblmfucgkiHaPuCJcPKAKcuK3v762DkW6SfH3XU7cUbWw4kJ2otHgtDg79DKTD+qhWsY10/5iv9HXLXKDvLqLKAr/LXznfue7MwjMC+3hbuBZVRnhuuC5HqidpLDGkMv3bBY2l8KHLMb0hvFFA0ikCFIQCR3Ff+Q=\"; tbsnid=U3G9Uxzp0y3ZnmFMoZZJUPEArWWw8mYaZEng%2BlPBc386sOlEpJKl9g%3D%3D; unb=1620881235; LoginUmid=XLKZd6Z7ZqaeZ3%2Bc7pqBwu0dDd0WgMU6XawGd5hqbvfmkdAiNY8Cqw%3D%3D; ali_apache_tracktmp=c_w_signed=Y; __cn_logon_id__=%E6%88%91%E7%9A%84%E5%AE%9D%E8%B4%9D%E4%BB%AC50; __cn_logon__=true; csg=8144e056; sg=059; _tb_token_=fe713b37a601d; t=aa4df8d85c2ac502808f03bdc1d3aae6; hng=CN%7Czh-CN%7CCNY%7C156; cookie17=Uoe2zXI17eHLyA%3D%3D; cookie2=263a12c699db3758826fd70c00f2101d; cookie1=UoTV5O6pD0RxmTSxatbMyU0bvecQNg10zN6uW%2FIcv2E%3D; JSESSIONID=8L78Dqsu1-IHJZvr3MdYxp6s9Tw6-yDIbVlQ-VjQ; alicnweb=touch_tb_at%3D1520170595307%7Clastlogonid%3D%25E6%2588%2591%25E7%259A%2584%25E5%25AE%259D%25E8%25B4%259D%25E4%25BB%25AC50%7Cshow_inter_tips%3Dfalse%7ChomeIdttS%3D81089176899778567622591556431389272728; ali_ab=118.206.227.95.1506929528045.7; CNZZDATA1261011362=1976642105-1506929300-%7C1520152936; ubn=p; _umdata=B2C05D6F0D50C4CA050C5D1A3187647B459B8DB2E59E4C5B3378AD3E05A106E8A147D8399A8FE866CD43AD3E795C914CF5F4831F9E3A400E6F742639F6481FAB; CNZZDATA1253659577=233414822-1505872280-https%253A%252F%252Fywlepai.1688.com%252F%7C1520083085; _uab_collina=150587339266485966787567; _bl_uid=y7jt5c8768Xx67nX8eIkkz7dpe56; CNZZDATA1252980167=886427592-1506489251-%7C1510277478; ad_prefer=\"2017/11/07 11:42:57\"; h_keys=\"%u5973%u88c5%u79cb%u51ac%u5916%u5957%u4e00%u4ef6%u4ee3%u53d1#%u5973%u88c5%u79cb%u51ac%u5916%u5957#%u5973%u88c5#%u68c9%u62d6%u978b\"; ocms_abtest_value=54; cna=OthHEgSl9WMCAXb6bLJ8DJnv; CNZZDATA1253645563=714481362-1505828680-%7C1506490299; UM_distinctid=15e9ab245b5249-0cb5b5826d38ba-4d015463-100200-15e9ab245b6209; ali_apache_track=\"c_ms=1|c_mid=b2b-1620881235|c_lid=%E6%88%91%E7%9A%84%E5%AE%9D%E8%B4%9D%E4%BB%AC50\";', null, '2018-03-06 10:15:23');
INSERT INTO `T_U_CONFIG` VALUES ('4', 'cookie.pdd.152796', 'PASS_ID=8d76da4696d44b17a30a2663331c8e0d_152796_205383; Hm_lvt_df3f672cabd7e98ed9defe423766f3f5=1517320840,1517320853,1517320970,1517358800; CNZZDATA1262818273=1580602638-1506469586-http%253A%252F%252Fmms.pinduoduo.com%252F%7C1509523518; api_uid=wKgVolneF12ufnzJAy1uAg==;', '嫂嫂', '2018-04-27 14:57:07');
INSERT INTO `T_U_CONFIG` VALUES ('4', 'cookie.pdd.47889', 'PASS_ID=935029344dd9409b97351375b616cd66_47889_68892; Hm_lvt_df3f672cabd7e98ed9defe423766f3f5=1516843237,1517100704,1517187448,1517359134; Hm_lvt_3c8ecbfa472e76b0340d7a701a04197e=1508719817,1508851583,1508894926,1508980394; api_uid=wKgVpFneJ1oTTkCdCMFBAg==;', '嫂嫂', '2018-04-28 01:09:00');
INSERT INTO `T_U_CONFIG` VALUES ('4', 'cookie.tb.lotomer', '_mw_us_time_=1508406755311; ucn=unzbmix25g; cna=ZMJsEnePsxkCAa8A6yqVyYi6; ubn=p; _tb_token_=5ee3e17f8b7ae; uc1=cookie16=V32FPkk%2FxXMk5UvIbNtImtMfJQ%3D%3D&cookie21=VT5L2FSpccLuJBreK%2BBd&cookie15=U%2BGCWk%2F75gdr5Q%3D%3D&existShop=false&pas=0&cookie14=UoTcBzvIZCqpAw%3D%3D&tag=10&lng=zh_CN; _umdata=65F7F3A2F63DF0203ACC0ED57C180C48895BF2086FB57B7E1262C8DEFF9D9DF6B20B017BCDB66850CD43AD3E795C914C21C9DAEF5564E3AFC916BE6147DB034C; linezing_session=tixxcBIIKqhwXym4c5qO19hD_1508402482605avlR_3; _uab_collina=150840189351507143987576; _m_h5_tk_enc=73a1a1f0dfaf0ed5f10ff35a76f77970; _m_h5_tk=9a3eca876b4c5e325378d50527d6cad8_1508404313236; ctoken=me8XWU7BfbDx6hwOfML3iceland; miid=2199496467720184054; mt=ci=92_1; lc=Vyh%2FZi5EcKXo4W9m; cookie17=UUkO1%2BUjSm0%3D; _nk_=lotomer; _l_g_=Ug%3D%3D; tg=0; _cc_=UIHiLt3xSw%3D%3D; publishItemObj=Ng%3D%3D; t=a597aa3eeb6eb74cd75988433fb18605; skt=90e6c2c5b3dbd1b5; unb=21033285; log=lty=Ug%3D%3D; cookie1=B0f6ri8xg4roD4vBFBmCSQXrxkzx6H0qety5xCCPdyQ%3D; sg=r5a; cookie2=1c53c18a21748663ba0eae8087a0aa83; tracknick=lotomer; lgc=lotomer; uss=BxSrl%2FiXIMkbcvw3uHudGpwftaIVUYp%2FIkwO1JgWw%2FhDb52OtEUcAabOaQ%3D%3D; lid=lotomer; existShop=MTUwODQwMTY5NA%3D%3D; hng=CN%7Czh-cn%7CCNY; uc3=sg2=VT3lixsJnbEoNc%2FIbVTKoV%2FdqTcyzOztIRO5H4PhmF0%3D&nk2=D8zkMR%2BE7g%3D%3D&id2=UUkO1%2BUjSm0%3D&vt3=F8dBzLBMkDPKDJm9ah4%3D&lg2=WqG3DMC9VAQiUQ%3D%3D; _med=dw:1366&dh:768&pw:1366&ph:768&ist:0; thw=cn; v=0;', null, '2017-10-19 09:45:18');
INSERT INTO `T_U_CONFIG` VALUES ('4', 'cookie.tb.undefined', 'isg=Aqys-xd32nliFc2DXzso_yRpc4oezVGfsg2z1AbudNf6EU0bLnTmn7CjRdZL; uc1=cookie14=UoTde9UtWCCGnQ%3D%3D; JSESSIONID=5FEA6A43EDAE1FFD44DA0179E1A8584E; _umdata=B2C05D6F0D50C4CA050C5D1A3187647B459B8DB2E59E4C5B3378AD3E05A106E8A147D8399A8FE866CD43AD3E795C914C8E7C883D75AB214BEB61A10A17E0B4BF; CNZZDATA30085748=cnzz_eid%3D193865371-1505810053-%26ntime%3D1510363691; _t_click_id=c_nowrite; _tb_token_=e7bb0f01e483; v=0; cookie2=283b2507111bf0512ea68bd11de2b49c; ucn=center; ubn=p; lc=Vyh4T%2Fe0UCmLzd2Vyi6Tvfs%3D; tg=0; _cc_=WqG3DMC9EA%3D%3D; t=aa4df8d85c2ac502808f03bdc1d3aae6; log=lty=Ug%3D%3D; mt=np=&ci=-1_1&cyk=-1_-1; tracknick=%5Cu6211%5Cu7684%5Cu5B9D%5Cu8D1D%5Cu4EEC50; lgc=%5Cu6211%5Cu7684%5Cu5B9D%5Cu8D1D%5Cu4EEC50; uss=UtRRgw1wOpbP%2BY7HhuVWdtF%2BL2PvVSy8H13WzaJlO%2FCOsFHInPV0iKSu2bs%3D; lid=%E6%88%91%E7%9A%84%E5%AE%9D%E8%B4%9D%E4%BB%AC50; uc3=sg2=B0f3kZfQkuzO3DKx5eBMWuePpyJkCvguHvvxwOfLSIQ%3D&nk2=rUs7decBzluxs2wp&id2=Uoe2zXI17eHLyA%3D%3D&vt3=F8dBzLKOw6zISXptuxM%3D&lg2=UtASsssmOIJ0bQ%3D%3D; pnm_cku822=098%23E1hv0vvUvbpvUpCkvvvvvjiPP2SwgjrEPFSW1jEUPmPWljlUn25Usj1PRszZAjYRR8wCvvpvvhHhmphvLUHB3UpaYb8rj8gfNezUdug7%2B3%2BiaNpqrqpAOHmQD40OditQc8c6eCkXezCw0f06W3vOJ1kHsfUpVXDTmEcBKFyzhmx%2Flj7JVXTJNBktvpvIvvCvbpvvvvvvvhZLvvvCuQvvBBWvvUhvvvCHhQvvv7QvvhZLvvvCuTyCvv9vvhhJRnUgMUyCvvOCvhE26RpCvpvVvUCvpvvv2QhvCPMMvvvtvpvhvvCvpv%3D%3D; XTrackerUser=1509109623943_Js3mjkWY8ZwSTWLH; cna=OthHEgSl9WMCAXb6bLJ8DJnv; _uab_collina=150581500651668665594964; hng=CN%7Czh-CN%7CCNY%7C156; _m_h5_tk_enc=551e11822e64b725d794fd197391fbae; _m_h5_tk=fd93af656250b689d92b43e12de651fe_1509933815519; _med=dw:1366&dh:768&pw:1366&ph:768&ist:0; x=e%3D1%26p%3D*%26s%3D0%26c%3D0%26f%3D0%26g%3D0%26t%3D0; did=1620881235; _st_=12p1.7loa7log; _su_=a_193iveg8.gnq7u8fr; thw=cn; l=AunpxpouxAwXpxGoLIkMQb5AcZ9Dtt3o; miid=2022218566093590657; UM_distinctid=15e99918f8e2d9-0e8c4c3bbf59ad-4d015463-100200-15e99918f8f2c5;', null, '2017-11-11 02:23:14');
INSERT INTO `T_U_CONFIG` VALUES ('4', 'cookie.tb.我的宝贝们50', 'isg=BA4O0d2h2J0MaW-dgSHqOXJjUeTQj9KJBFdRajhWPpHIm6z1oB7mmSwY18f358qh; ucn=center; uc1=cookie16=U%2BGCWk%2F74Mx5tgzv3dWpnhjPaQ%3D%3D&cookie21=Vq8l%2BKCLjhS4UhJVbCU7&cookie15=V32FPkk%2Fw0dUvg%3D%3D&existShop=false&pas=0&cookie14=UoTeOoBXKyTLQw%3D%3D&tag=10&lng=zh_CN; ubn=p; _umdata=B2C05D6F0D50C4CA050C5D1A3187647B459B8DB2E59E4C5B3378AD3E05A106E8A147D8399A8FE866CD43AD3E795C914C8E7C883D75AB214BEB61A10A17E0B4BF; _tb_token_=439118335868; _mw_us_time_=1524897714648; JSESSIONID=E56F787CA900709064AC52CAD9B45971; lc=VygqH9crzhU28O77Y%2BashBc%3D; cookie17=Uoe2zXI17eHLyA%3D%3D; _nk_=%5Cu6211%5Cu7684%5Cu5B9D%5Cu8D1D%5Cu4EEC50; _l_g_=Ug%3D%3D; tg=0; _cc_=WqG3DMC9EA%3D%3D; t=aa4df8d85c2ac502808f03bdc1d3aae6; skt=99c2db1bbb959502; unb=1620881235; log=lty=Vw%3D%3D; cookie1=UoTV5O6pD0RxmTSxatbMyU0bvecQNg10zN6uW%2FIcv2E%3D; mt=np=&ci=2_1&cyk=-1_-1; csg=730a84c6; sg=059; cookie2=21db211a0c09ca2a2cbc7f8bbf399ff2; dnk=%5Cu6211%5Cu7684%5Cu5B9D%5Cu8D1D%5Cu4EEC50; tracknick=%5Cu6211%5Cu7684%5Cu5B9D%5Cu8D1D%5Cu4EEC50; lgc=%5Cu6211%5Cu7684%5Cu5B9D%5Cu8D1D%5Cu4EEC50; lid=%E6%88%91%E7%9A%84%E5%AE%9D%E8%B4%9D%E4%BB%AC50; existShop=MTUyNDg5NzU5NQ%3D%3D; uc3=sg2=B0f3kZfQkuzO3DKx5eBMWuePpyJkCvguHvvxwOfLSIQ%3D&nk2=rUs7decBzluxs2wp&id2=Uoe2zXI17eHLyA%3D%3D&vt3=F8dBz4FUBZyNLBCARcA%3D&lg2=W5iHLLyFOGW7aA%3D%3D; cookieCheck=32589; uc2=wuf=https%3A%2F%2Ftrade.tmall.com%2Fdetail%2ForderDetail.htm%3Fspm%3Da1z09.2.0.0.67002e8dsaH6n4%26bizOrderId%3D152146397779883512; did=1620881235; v=0; enc=bJcREFVvCOum8nw0RWW75Y3wyqojIf9bNX0oWuilPTJ23PjS0jW%2FEtWe8FZojA7PUjNsgptS5DIQDZfiN%2F0NKg%3D%3D; _m_h5_tk_enc=7da16375d5e68acbfb880fa36611611b; _m_h5_tk=f892e6d8d6e5328bc3b240bb6d925db6_1524808589277; CNZZDATA30085748=cnzz_eid%3D193865371-1505810053-%26ntime%3D1524789364; _m_unitapi_v_=1508566261407; _m_user_unitinfo_=unit|unzbyun; _med=dw:1366&dh:768&pw:1366&ph:768&ist:0; pnm_cku822=098%23E1hvmvvUvbpvUpCkvvvvvjiPPFqZtjDCnLzwQjivPmPv1jr8PLMptjnHPFFOQj1UPuwCvvpvvUmm2QhvCvvvMMGCvpvVvvpvvhCvkphvC99vvOC6L4yCvv9vvUv1QxIPgbyCvm9vvvm0phvvvvvvv9Cvpv3avvvmvhCv2vvvvvUvphvUOQvvv9Cvpv3amphvLv9USvvjOg2v%2BE7rejUSYWL9tC4AVAdpaNoUhXZAjixrgj7J%2B3%2Bu6j7g%2BfUzElR3%2BExrV4tYVVz9afAfeVQEfw1lYb8rwk%2FOD7zUd3Otvpvhvvvvvv%3D%3D; x=e%3D1%26p%3D*%26s%3D0%26c%3D0%26f%3D0%26g%3D0%26t%3D0; bid=6; _uab_collina=150581500651668665594964; XTrackerUser=1509109623943_Js3mjkWY8ZwSTWLH; cna=OthHEgSl9WMCAXb6bLJ8DJnv; UM_distinctid=16245f8134d9a-093669c008e5a7-4d015463-c0000-16245f8134ea1; CNZZDATA1000004168=891715324-1513231563-%7C1517377105; hng=CN%7Czh-CN%7CCNY%7C156; CNZZDATA30076816=cnzz_eid%3D1315288233-1516775350-https%253A%252F%252Fai.taobao.com%252F%26ntime%3D1516775350; jc=shanghai; _st_=12p1.7loa7log; _su_=a_193iveg8.gnq7u8fr; thw=cn; l=AunpxpouxAwXpxGoLIkMQb5AcZ9Dtt3o; miid=2022218566093590657;', '嫂嫂', '2018-04-28 06:46:03');
INSERT INTO `T_U_CONFIG` VALUES ('4', 'cookie.tb.龙昌盛888', 'ucn=center; isg=BC8v8kzFqc5JD65a2Ar7dhuosEM51IP2_SxQ7UG_RR6lkE6SSaSuRrhCFoKurltu; mt=ci=-1_1&cyk=-1_-1; uc1=cookie16=UtASsssmPlP%2Ff1IHDsDaPRu%2BPw%3D%3D&cookie21=UIHiLt3xTIkz&cookie15=VT5L2FSpMGV7TQ%3D%3D&existShop=false&pas=0&cookie14=UoTdfYK0zgh61w%3D%3D&tag=8&lng=zh_CN; ubn=p; lc=Vyh1mb2GGQx2BxZwPVU%3D; cookie17=UU6idYV8drvnvw%3D%3D; _nk_=%5Cu9F99%5Cu660C%5Cu76DB888; _l_g_=Ug%3D%3D; tg=0; _cc_=VT5L2FSpdA%3D%3D; t=aa4df8d85c2ac502808f03bdc1d3aae6; skt=0c5f2cb4889fd948; unb=2639248467; log=lty=Ug%3D%3D; cookie1=BvbUFwhdsWz7jOrpeuM%2FiqAo5OPUpUKbjPzNNFvLwZo%3D; sg=873; cookie2=2840c00f7d9a87f66b70f027b162ce44; tracknick=%5Cu9F99%5Cu660C%5Cu76DB888; lgc=%5Cu9F99%5Cu660C%5Cu76DB888; uss=W5sD1%2BWvS7Dtu6Yv9QQPosQ7bYEaox%2Ba%2FeCvgtSF7MDnSAne1AOgiAlsvg%3D%3D; lid=%E9%BE%99%E6%98%8C%E7%9B%9B888; existShop=MTUxNjc4MjY2Ng%3D%3D; uc3=sg2=Vv7PvV0Lt4t26PsuD8VqFYiuE%2FFwJV2JNV3Q9rBc99g%3D&nk2=oghDUnLv1qY5&id2=UU6idYV8drvnvw%3D%3D&vt3=F8dBzLlnCFbNPuPVAoQ%3D&lg2=WqG3DMC9VAQiUQ%3D%3D; _umdata=B2C05D6F0D50C4CA050C5D1A3187647B459B8DB2E59E4C5B3378AD3E05A106E8A147D8399A8FE866CD43AD3E795C914C8E7C883D75AB214BEB61A10A17E0B4BF; v=0; hng=CN%7Czh-CN%7CCNY%7C156; JSESSIONID=CE0A09BBF053CFF67EF20FED2A1D6BDC; _mw_us_time_=1516782422966; _tb_token_=f10ee3e111697; lastalitrackid=shop148560186.taobao.com; alitrackid=shop148560186.taobao.com; pnm_cku822=098%23E1hvcQvUvbpvUpCkvvvvvjiPPLFUljYURFdZzjD2PmPU0j1UP2dWQj3PP2cZQj3EPQhCvvOv9hCvvvvEvpCW9Nx5X10Yn1pTHkGVqw0qr2u18vmYib01%2BbyDCw2IRfUTKFEw987J%2Bu6fjobUACkwjXDgLWmQRqJ6WeCpqU0QKfUpwZSEDLuTRLa9COyCvvOCvhE26RoivpvUvvCCUZETkjktvpvIvvCvbpvvvvvvvhZpvvmC2QvvBhpvvUhvvvChBvvvv7QvvhBhvvvCuQGCvvLMMQvvRphvCvvvphm5vpvhvvCCBv%3D%3D; _uab_collina=150581500651668665594964; enc=KfKpdJKLA5cA9Ls%2FkIqpv8ckeJCQwDs68IGIk6Z0Y%2FoRuLslC3dvtEKQ4ZKpXsTGgNT0JqS94thHSwRIJnM%2FeA%3D%3D; _m_h5_tk_enc=86b521a01fe85d6b099e89b885ed11d2; _m_h5_tk=bbdfa98356cfbddf4832a027fc13d498_1516779227032; ctoken=u8oPyhBstsliIiAHcoQtTCpr; CNZZDATA30076816=cnzz_eid%3D1315288233-1516775350-https%253A%252F%252Fai.taobao.com%252F%26ntime%3D1516775350; CNZZDATA30085748=cnzz_eid%3D193865371-1505810053-%26ntime%3D1516776933; _t_click_id=c_nowrite; _med=dw:1366&dh:768&pw:1366&ph:768&ist:0; _m_unitapi_v_=1508566261407; _m_user_unitinfo_=unit|unzbyun; x=e%3D1%26p%3D*%26s%3D0%26c%3D0%26f%3D0%26g%3D0%26t%3D0; did=1620881235; bid=6; CNZZDATA1000004168=891715324-1513231563-%7C1513231563; jc=shanghai; XTrackerUser=1509109623943_Js3mjkWY8ZwSTWLH; cna=OthHEgSl9WMCAXb6bLJ8DJnv; _st_=12p1.7loa7log; _su_=a_193iveg8.gnq7u8fr; thw=cn; l=AunpxpouxAwXpxGoLIkMQb5AcZ9Dtt3o; miid=2022218566093590657; UM_distinctid=15e99918f8e2d9-0e8c4c3bbf59ad-4d015463-100200-15e99918f8f2c5;', null, '2018-01-24 08:21:23');
INSERT INTO `T_U_CONFIG` VALUES ('4', 'mall.types', 'tb tm 1688', null, '2018-04-22 05:01:09');
INSERT INTO `T_U_CONFIG` VALUES ('4', 'message.to.wx.152796', '幽梦', null, '2018-03-31 11:55:23');
INSERT INTO `T_U_CONFIG` VALUES ('4', 'message.to.wx.47889', '幽梦', null, '2018-03-31 11:55:25');
INSERT INTO `T_U_CONFIG` VALUES ('4', 'PDD_MALL_IDS', '47889 152796', '嫂嫂', null);
INSERT INTO `T_U_CONFIG` VALUES ('5', 'cookie.1688.741146291李黎', '_tmp_ck_0=\"UlLLMhT4Py5IzwtblkqUwaWCsCf62UIqrprUbAKI%2Bd3ia0E%2BEcn%2BBtpzzP2ubH3OcB82TuQEFIpiMklSxwlz1vWCMNKALwALAuKqNEaNMkfyABqnZkPzbXSL%2FAVaI%2B2qSq%2Bs%2BYkpHxZqT7hdIPHKNzYQPKDfyB%2BCrNtpwtAz5ZNMrGdwfHHlJUWxz0wOkR2hODIJo6%2BosC3mWXKEbuQAbowa1d45BiZ%2BI19etk2sympKgInu5pfQ46vPhbtwK48BZjUIOVYcYDfbsU3z5I8HvDbhn2eSiaTaIRWaLIEqV7FIMD47r4A4IXC0ck%2BcXaGikFOpCdztC9jQ99JVG%2FJgFETmInRE3aDeQC0CQwbE4DmE4jqfFN4oqpYKktYw3M073zc6BKXeR%2Fl522%2BoiFEn0AtLzMVU95szcrIOwn5Cj6UTKy8tNkHhik1zxGdYBlfM7jXjKZGXyEggFT2JJ1usD3Kfm4fsyYkb7wvK6axCeP%2BQIPsF2mF9KJqI6TuAx9jM%2F%2F7PWlK%2B837exb0kRu4m6I%2F%2Fuqt7FlFkiJGXz%2FG%2F2a0%3D\"; _csrf_token=1513820690185; login=\"kFeyVBJLQQI%3D\"; __last_loginid__=\"741146291%E6%9D%8E%E9%BB%8E\"; userIDNum=\"9NjODoodTv5TG4BC5yy9jw%3D%3D\"; unb=789134515; last_mid=b2b-7891345158efb0; userID=\"yOOfgLOor1z%2F6k3ZWqHGB%2BTCHcmpyREs40PQOETS3%2Bk6sOlEpJKl9g%3D%3D\"; LoginUmid=\"s9lkPQ9VFjAkvcS8A2CZlfYpsJUtRBI67FHljEIzvalTAhztWl1ziA%3D%3D\"; tbsnid=g5P894S545jeuhCnqdNFlqZ1Z9xCB00Qa0ukA3G50tI6sOlEpJKl9g%3D%3D; _nk_=\"73s9zFmD35lvhOFsJvW57w%3D%3D\"; _cn_slid_=PcLqyZpR7r; cn_tmp=\"Z28mC+GqtZ0TcE6eVYluwERwaAnzI5/wCyYyH9kce0ewTuF9qvI00Ah99n84ZB4K2/yGFVlIojzgVkICnyVVgnBBqd8MKSzChZe7R8baqx/OQHEPBapR2uxeUItX/RfZK7VhRZ3/KKAENX+zmzZEcwkrtQPfKfk375c9xxd1nybnuIBsA565Hka2lTR13/dHLW3x09RHcJPYfnBa0e6BDp3NUWycir1oOWLgOinJ/e6oG/vQRPp79hThTuf7WP0dsQ+CbMRrWS0=\"; ali_apache_tracktmp=\"c_w_signed=Y\"; ali_apache_track=\"c_ms=1|c_mid=b2b-7891345158efb0|c_lid=741146291%E6%9D%8E%E9%BB%8E\"; __cn_logon_id__=741146291%E6%9D%8E%E9%BB%8E; __cn_logon__=true; sg=%E9%BB%8E55; _tb_token_=feb0533ae18bb; t=b64515841be41d2ef76fdd051947948c; uss=WvECEWkPZqBzf9sLuqhfWjY9gluCviMPBxA8YzU%2BiP2VjvwaqixQZohQJA%3D%3D; hng=CN%7Czh-CN%7CCNY%7C156; cookie17=VAmjgJRPbEHs; cookie2=105e78881108ec0fccad8fbac4eacc9a; cookie1=UNWuQMq6%2BTn16Tcn0LTsrb59kKOfsyzJ%2Bb6NKpSdqss%3D; isg=AhkZNLcBp7N1W3jCgRSafUOEOgXzpg1YPlYCHDvOlcC_QjnUg_YdKIdaMAnQ; JSESSIONID=Gv0ZFIY-MUtYgnp35rB7jQeJ0K-xFHzOeQ-wgF; alicnweb=lastlogonid%3Dgc10312%7Ctouch_tb_at%3D1513524533832; ubn=p; _umdata=CBCF5C0AD3B0C7091242FA6C9B4B08364548AF809889203E5535B3A76FC666101B30F728F90B8D11CD43AD3E795C914CDD8A5611879F701C6A1BFA8EC974D927; CNZZDATA1253659577=656565748-1507730622-null%7C1513431921; _uab_collina=151006347704775569471331; cna=f+BMElcu1EkCAToueA2AbC/C; UM_distinctid=15f0bd56ab94fb-019ab3215b6373-18104336-1fa400-15f0bd56aba319;', null, '2017-12-21 01:35:47');
INSERT INTO `T_U_CONFIG` VALUES ('5', 'cookie.1688.gc10312', '_tmp_ck_0=\"nON%2FXDoC5%2F7XBBmXbKTAVNl2Z0nSdn6AMwtrRff%2BU8OUtXPuuy8Y0QYO5ztAICoN9MIzIDs4q%2Fur5tFK7A5kNboGsGkLVhwYNXgYL1X3GhSeDROXllBKf%2FvYjldCe2gP18GCcgtuAhNnpZ4901T7Gjos9arBGMHIArIt3HjW24p1TUe69MYlns3MxVD23afoAxpveXz9Tk%2BSxQuvF%2FZV95uzky6ZeuUaeHeKhJH5nGnLhNVMHWuSgjp2KByFqCxabg8jA8A5cx%2Bi20nRZm4GHkbbSpIJSsXGz6WCMBDIvKWNMGoKUc2U%2BgY3To6G%2BeRIA7zA3XO3SMpi4s2rDf%2FKe0P47Sd%2FrOhtfKyVxsOx8hFop%2FcwT5lFiswAab%2F%2FW1EEAKmkgIAQOgE39%2BGlVVEJzdLO8HOxRLUMX1Axjd0sKugnDy3oiECnQdU16w%2B2pvGehYkuI87NuW2aNJoYZAS2G%2FUWfRYcN5dm2L9Bzqg4XBYlfHjWiQA3NFuSVvBHGUw1VBSGvFczDr60YGhoCQ8xN1jumlUZG8gVxaXFNoVZ8b0%3D\"; _csrf_token=1515067226729; login=\"kFeyVBJLQQI%3D\"; __last_loginid__=gc10312; userIDNum=\"5VaLJZasBIsDBPJBu4sTUQ%3D%3D\"; unb=869801914; last_mid=b2b-869801914; userID=\"qfjErmtI2Mq8cN%2Fg1BCxMDrPbX7NHekEZPFuK3dH2%2B46sOlEpJKl9g%3D%3D\"; LoginUmid=\"s9lkPQ9VFjAkvcS8A2CZlfYpsJUtRBI67FHljEIzvalTAhztWl1ziA%3D%3D\"; tbsnid=o3KZ%2BJ%2FiqQCV6gUMPkLOjLZv0TWFvxAK9NO6aSiZBGg6sOlEpJKl9g%3D%3D; _nk_=\"MHDYE%2Bwf3Ps%3D\"; _cn_slid_=\"QPm%2F0aOJbb\"; cn_tmp=\"Z28mC+GqtZ0ZTZkhLwJQV3EAYPr4wHa6ZgoJsAMufChqCd+lFLIVfQPf9uy3K4qgsMXlMLx7/PK1ww3iQ53NEroMQ4mQjSGWqZjsBA5uIeWX8hzNkavZhHOjyqnnGH5bv7F5UA2YB3xIywiK5enf/pKpZsz89BZTJfS3d4Gvof4PxqRouT1g+7Sw9iafMld6CvZkTqq0OQq8sgBeT3q7bFtHPaPL/Yh87ppOPngTM1f8rEYlZQo9lQ==\"; ali_apache_tracktmp=\"c_w_signed=Y\"; __cn_logon_id__=gc10312; __cn_logon__=true; sg=242; _tb_token_=765f565357303; t=b64515841be41d2ef76fdd051947948c; uss=BYiKK6TTBkED7L7dvLGzdzIrB98PJIkuZCFMpspiaSD%2Fc%2B%2FEU7VIO5uLAg%3D%3D; hng=CN%7Czh-CN%7CCNY%7C156; cookie17=W89F0Qv4rOKt; cookie2=2fc036348d4f51bba1872dd834e4074d; cookie1=VTtAf95CmAQgQmXjtq2Voq%2BdggPpw5alLJO9yeOnyto%3D; JSESSIONID=8L78oXgv1-78qYlHPAdNjahzI4EC-QGgLlfQ-AW82; isg=AiMjFuY8fUaM0TLgb9rwP4WyoGfNGLdaOGDIflWAaQL5lEO23ehHqgGM-mty; alicnweb=lastlogonid%3Dgc10312%7Ctouch_tb_at%3D1514957672259; ubn=p; _umdata=CBCF5C0AD3B0C7091242FA6C9B4B08364548AF809889203E5535B3A76FC666101B30F728F90B8D11CD43AD3E795C914CDD8A5611879F701C6A1BFA8EC974D927; CNZZDATA1253659577=656565748-1507730622-null%7C1514952888; CNZZDATA1252944154=111040933-1514043454-https%253A%252F%252Fwww.baidu.com%252F%7C1514043454; ali_apache_track=\"c_ms=1|c_mid=b2b-869801914|c_lid=gc10312\"; _uab_collina=151006347704775569471331; cna=f+BMElcu1EkCAToueA2AbC/C; UM_distinctid=15f0bd56ab94fb-019ab3215b6373-18104336-1fa400-15f0bd56aba319;', null, '2018-01-04 11:51:01');
INSERT INTO `T_U_CONFIG` VALUES ('5', 'cookie.1688.undefined', '_tmp_ck_0=\"ABPh8glgHvricXS30j4gWXyFDR1GpE8qsgbh7gksEApyy14rJlS60sCXAlOIoSP2GfWFgEIEvXmpAvhzaQ4qmtPlho98EhwvDV3h7lwPzCFRNwlSpLfNil92yvITqPOwfpVliWr4z%2F5vuiIiNEYmoBXBJlaQ%2Ft6NoXFzyauUozhy%2BlmSSkEom6lA93OyS2XL08s0aAzZNK5xpt1iKcN5JJVOV8JeCYuowNITbGr9zGga3S0h7pbDykjozm%2FIlSBTIEtcpWJ6f3z7s7FWTA6NT9pWTOOHytKkCoUfgs%2Bhzh3Lljg0pvlr98bD9T0sYyqOw3a9ZVulmPmq%2FgKl8isw%2BqNhQuK0JK0Yd1cAEFv2XzMjaEryNn7bcxnSzAjcZteSBmcU7zq6fWUNzQ%2B%2BQ3OCm80s1cCAJVLOKPCtierUJfXvz59fWy6%2FHK6jOg77XTy86eiwZjF%2BBzltpS17qhVFW0hqO9GnF4EtVhRfA2%2FnU43fcVS%2BbOqI%2BS1R6jLMYKdx9c0vCdD5eBQ%3D\"; __cn_logon__=false; isg=AtLSiW153FYqZSNP5vGxeMxpMZi049Z9wSv5UZwr_gVwr3KphHMmjdjPawR3; __rn_alert__=false; _show_user_unbind_div_=b2b-7891345158efb0_false; _show_sys_unbind_div_=b2b-7891345158efb0_false; _show_force_unbind_div_=b2b-7891345158efb0_false; _is_show_loginId_change_block_=b2b-7891345158efb0_false; _csrf_token=1513820690185; __last_loginid__=\"741146291%E6%9D%8E%E9%BB%8E\"; last_mid=b2b-7891345158efb0; tbsnid=g5P894S545jeuhCnqdNFlqZ1Z9xCB00Qa0ukA3G50tI6sOlEpJKl9g%3D%3D; _cn_slid_=PcLqyZpR7r; ali_apache_tracktmp=\"c_w_signed=Y\"; ali_apache_track=\"c_ms=1|c_mid=b2b-7891345158efb0|c_lid=741146291%E6%9D%8E%E9%BB%8E\"; JSESSIONID=Gv0ZFIY-MUtYgnp35rB7jQeJ0K-xFHzOeQ-wgF; alicnweb=lastlogonid%3Dgc10312%7Ctouch_tb_at%3D1513524533832; ubn=p; _umdata=CBCF5C0AD3B0C7091242FA6C9B4B08364548AF809889203E5535B3A76FC666101B30F728F90B8D11CD43AD3E795C914CDD8A5611879F701C6A1BFA8EC974D927; CNZZDATA1253659577=656565748-1507730622-null%7C1513431921; _uab_collina=151006347704775569471331; cna=f+BMElcu1EkCAToueA2AbC/C; UM_distinctid=15f0bd56ab94fb-019ab3215b6373-18104336-1fa400-15f0bd56aba319;', null, '2017-12-21 01:36:21');
INSERT INTO `T_U_CONFIG` VALUES ('5', 'cookie.pdd.25517', 'PASS_ID=c5d1375a72b44be2b0a30f57b468ef43; api_uid=rBQ5o1qhFH2YXBqkCROAAg==;', null, '2018-03-08 14:39:11');
INSERT INTO `T_U_CONFIG` VALUES ('5', 'cookie.pdd.60633', 'PASS_ID=03fc3eb32edb400da38cd5ea288b7221_60633_85938; api_uid=rBQRvFq5BQiZHQnJBVEXAg==;', '老弟', '2018-04-28 02:23:52');
INSERT INTO `T_U_CONFIG` VALUES ('5', 'cookie.tb.741146291李黎', '_umdata=A502B1276E6D5FEF844CDB315AEFB12219D61317689E5BBAE32590A1732812B5243AC7DC3DE355FECD43AD3E795C914CE8F546240D3CB330388D0D2F79602479; isg=BGBg2inRLgqvIpE5JbKojUi2I27ywUcJL4Grx9pxensO1QL_gnuGwlLsaX3V5fwL; ucn=center; uc1=cookie16=UtASsssmPlP%2Ff1IHDsDaPRu%2BPw%3D%3D&cookie21=Vq8l%2BKCLjA%2Bl&cookie15=Vq8l%2BKCLz3%2F65A%3D%3D&existShop=false&pas=0&cookie14=UoTeP7jEDJvp3A%3D%3D&tag=8&lng=zh_CN; ubn=p; lc=VygvxjhBtVIigy7XmpYTdoby; cookie17=VAmjgJRPbEHs; _nk_=741146291%5Cu674E%5Cu9ECE; _l_g_=Ug%3D%3D; tg=0; _cc_=UIHiLt3xSw%3D%3D; t=d4fe3cf8262f760ce6271799befdb470; skt=5af0e359822448fb; unb=789134515; log=lty=Vw%3D%3D; cookie1=UNWuQMq6%2BTn16Tcn0LTsrb59kKOfsyzJ%2Bb6NKpSdqss%3D; mt=np=&ci=13_1; csg=eb2e99e1; sg=%E9%BB%8E55; cookie2=2bcd5125f56c2e7a15bc6f8cca57e7a8; dnk=741146291%E6%9D%8E%E9%BB%8E; tracknick=741146291%5Cu674E%5Cu9ECE; lgc=741146291%5Cu674E%5Cu9ECE; lid=741146291%E6%9D%8E%E9%BB%8E; existShop=MTUyMTAzOTY0NQ%3D%3D; uc3=nk2=VAXaZ%2Fup%2FfU8X%2BaVfg%3D%3D&id2=VAmjgJRPbEHs&vt3=F8dBz4W%2F89jvxtcL2pY%3D&lg2=URm48syIIVrSKA%3D%3D; _tb_token_=eb3837063159b; v=0; enc=YCF%2FULg%2FoyNzw30E9NBkP8g9eVZI26pjvZzvY5KDb%2FXCZXYqEHG7hSvy2F7MdI9bSBAFiY8f0zBzBUwhSVxpVA%3D%3D; bid=6; jxwebp=1; cna=z5olEgNG+2MCAd73tvl9OpPW; _uab_collina=150357299906871394487697; hng=CN%7Czh-CN%7CCNY%7C156; did=789134515; _med=dw:1366&dh:768&pw:1366&ph:768&ist:0; jc=shanghai; x=e%3D1%26p%3D*%26s%3D0%26c%3D0%26f%3D0%26g%3D0%26t%3D0%26__ll%3D-1%26_ato%3D0; miid=1894960265298316367; thw=cn; l=ArOzYujT5N51Ay5fJ/MmnE2Cw73dFkeq;', '老弟', '2018-03-14 15:00:49');
INSERT INTO `T_U_CONFIG` VALUES ('5', 'cookie.tb.gc10312', 'isg=BIGB_hxovzNQpdMHiBJaxPHTgs1bBvaq1u6qROPWfQjnyqGcK_4FcK_IqD6MQo3Y; ucn=unzbyun; uc1=cookie16=WqG3DMC9UpAPBHGz5QBErFxlCA%3D%3D&cookie21=UtASsssme%2BBq&cookie15=UIHiLt3xD8xYTw%3D%3D&existShop=false&pas=0&cookie14=UoTeOoBW9gtkKw%3D%3D&tag=8&lng=zh_CN; ubn=p; _umdata=362D5EC38CCD3D1BC0465F9F36226184BCBF7989496687DFE8457045E89DDA203E0277D807254C23CD43AD3E795C914C25CAC118F68FDAEB7A3682F743A7789B; _tb_token_=e17a95833e385; x5sec=7b22627579323b31223a22356165336466306237333132633138393134336533623939366137396463656366346262333638333066306366396130227d; JSESSIONID=FAB9405E58EEB46C90FB38259BD75AC9; mt=ci=11_1; _mw_us_time_=1524882329919; lc=VygqH9eCJWODKVjs; cookie17=W89F0Qv4rOKt; _nk_=gc10312; _l_g_=Ug%3D%3D; tg=0; _cc_=UIHiLt3xSw%3D%3D; t=8a7b76486e2b00a0bee9bfa78752bc62; skt=d9d699886e2fcc04; unb=869801914; log=lty=Ug%3D%3D; cookie1=VTtAf95CmAQgQmXjtq2Voq%2BdggPpw5alLJO9yeOnyto%3D; csg=f859019b; sg=242; cookie2=15de611faa2a79b96c9b6b0cfef78f62; dnk=gc10312; tracknick=gc10312; lgc=gc10312; lid=gc10312; existShop=MTUyNDg4MjMyNQ%3D%3D; uc3=nk2=BJVXJs1IOA%3D%3D&id2=W89F0Qv4rOKt&vt3=F8dBz4FUCkqBIKDhoE4%3D&lg2=Vq8l%2BKCLz3%2F65A%3D%3D; cookieCheck=46466; v=0; enc=hA%2Bo78spKamxHYy8%2Fo4Xu35PqezWj9GWh5YUM911eR6AIgAke4aYri%2BdZl8j2O3uAFGkNgndqSF%2FXhKHXPkZUA%3D%3D; CNZZDATA1000004168=1656634499-1523667857-https%253A%252F%252Fstore.taobao.com%252F%7C1523667857; UM_distinctid=162c1dbe081804-00714b3b84f5a4-19174638-1fa400-162c1dbe082ac1; miid=730889475296683566; _uab_collina=152207554850518076671756; thw=cn; hng=CN%7Czh-CN%7CCNY%7C156; cna=M+o/E3OduWoCAd+fIrFYoyrd;', null, '2018-04-28 02:41:57');
INSERT INTO `T_U_CONFIG` VALUES ('5', 'cookie.tb.undefined', '_tb_token_=ef5f37ee70ee3; t=95f5ef8e71d873ce0da750780d748a43; cookie2=15b3937708fa8f43f17304cb4a7dac8f; v=0;', null, '2018-03-25 15:12:05');
INSERT INTO `T_U_CONFIG` VALUES ('5', 'mall.types', 'tb tm 1688', null, '2018-04-22 05:01:19');
INSERT INTO `T_U_CONFIG` VALUES ('5', 'message.to.wx.60633', '高超', null, null);
INSERT INTO `T_U_CONFIG` VALUES ('5', 'PDD_MALL_IDS', '60633', '老弟', null);
